Subject;Session;Study;Task;Contraction_Mode;Recording;Muscle;Intensity;Num_Reps;DPF_Method;OLS_Status;Mean_AUC_HbO_S2_D1;Std_AUC_HbO_S2_D1;Mean_AUC_HbR_S2_D1;Std_AUC_HbR_S2_D1;Mean_AUC_HbDiff_S2_D1;Std_AUC_HbDiff_S2_D1;Mean_AUC_HbTot_S2_D1;Std_AUC_HbTot_S2_D1;Mean_AUC_HbO_S1_D2;Std_AUC_HbO_S1_D2;Mean_AUC_HbR_S1_D2;Std_AUC_HbR_S1_D2;Mean_AUC_HbDiff_S1_D2;Std_AUC_HbDiff_S1_D2;Mean_AUC_HbTot_S1_D2;Std_AUC_HbTot_S1_D2;Mean_AUC_HbO_S2_D3;Std_AUC_HbO_S2_D3;Mean_AUC_HbR_S2_D3;Std_AUC_HbR_S2_D3;Mean_AUC_HbDiff_S2_D3;Std_AUC_HbDiff_S2_D3;Mean_AUC_HbTot_S2_D3;Std_AUC_HbTot_S2_D3;Mean_AUC_HbO_S1_D4;Std_AUC_HbO_S1_D4;Mean_AUC_HbR_S1_D4;Std_AUC_HbR_S1_D4;Mean_AUC_HbDiff_S1_D4;Std_AUC_HbDiff_S1_D4;Mean_AUC_HbTot_S1_D4;Std_AUC_HbTot_S1_D4;Mean_AUC_HbO_S1_D1;Std_AUC_HbO_S1_D1;Mean_AUC_HbR_S1_D1;Std_AUC_HbR_S1_D1;Mean_AUC_HbDiff_S1_D1;Std_AUC_HbDiff_S1_D1;Mean_AUC_HbTot_S1_D1;Std_AUC_HbTot_S1_D1;Mean_AUC_HbO_S1_D3;Std_AUC_HbO_S1_D3;Mean_AUC_HbR_S1_D3;Std_AUC_HbR_S1_D3;Mean_AUC_HbDiff_S1_D3;Std_AUC_HbDiff_S1_D3;Mean_AUC_HbTot_S1_D3;Std_AUC_HbTot_S1_D3;Mean_AUC_HbO_S2_D5;Std_AUC_HbO_S2_D5;Mean_AUC_HbR_S2_D5;Std_AUC_HbR_S2_D5;Mean_AUC_HbDiff_S2_D5;Std_AUC_HbDiff_S2_D5;Mean_AUC_HbTot_S2_D5;Std_AUC_HbTot_S2_D5
001;001;Valoxy;Isometric;Isometric;semaxone;VL;20%;5;Dynamic_ATT4.6mm_scanner;Applied;29,7429133944392;6,843658954936064;25,74724533177767;9,282288973961416;47,094860691284126;19,658480343500262;30,156775449758346;4,654559060024563;57,20660481809043;27,718285409167805;50,284696109746946;15,176470454138377;94,56653626041606;49,67387245324974;48,56664439783325;7,577518581877051;73,2168874423365;3,504105982463798;17,56417912413704;1,6282404592973005;89,79742992333102;4,400716933820046;57,34820884750593;2,767830978351771;76,12619028843176;9,245918091010884;44,094155141335726;11,851858324601267;64,44007989336494;14,627953148066206;111,81055877164553;5,3909581556612665;87,23846580812005;34,23275761874838;41,82911949608477;8,655924301426992;126,5829298990606;42,45152311648773;50,874856919610394;24,72096886192229;22,625842189781665;8,701156379717547;24,28933314462825;5,102492337453545;43,73920218465709;14,048345988921339;16,704680094199745;1,5716951061016495;32,428382192735626;3,5218396275858566;14,482384901046567;3,2144940136547713;25,26052359333933;6,464478234456569;43,10987121956377;4,960296355121522
001;001;Valoxy;Isometric;Isometric;semaxone;VL;40%;5;Dynamic_ATT4.6mm_scanner;Applied;106,88536401942096;22,486799554256404;82,13358693817558;8,872165805024485;184,5849167111835;33,03271779265866;53,64235125677665;6,592634971244239;200,43541441922625;55,88537696700702;89,97459762502858;26,6786629079055;263,86181571801865;105,84401194549022;170,94804190568343;28,832715079995452;113,02233266532471;6,416410926898127;56,16781192143385;9,382128567804452;165,67641130595507;14,480749425023708;62,62141975728982;8,802947679901502;93,68071967438351;21,113933754853694;71,17348026548706;15,290260520490268;129,10530078557957;59,83147439770529;95,76261439448444;31,20682698272619;199,06434536356912;17,870136618839368;86,77030960324642;1,5920376081821064;280,0284661318866;20,033690443634544;133,33009383378186;12,843602271695604;26,238461275540374;7,6561440726553265;49,32946609137101;1,690393714776363;51,12692370619421;14,299871416399373;52,2048038117569;15,972067872961505;138,16251040220106;94,2523563583648;75,80818545118511;53,362340449216624;70,95893040933989;40,326727048460505;211,0226293993312;148,85999307700132
001;001;Valoxy;Isometric;Isometric;semaxone;VL;60%;5;Dynamic_ATT4.6mm_scanner;Applied;159,12940002093015;47,02171123474144;115,59917207807992;18,643973440459828;272,4829281801057;67,37636919774339;71,9648399773935;19,458619615268578;113,34719150155112;6,3175581998922805;140,9144015274333;17,757750499756455;249,65317829629916;22,33932324447262;61,91330267990217;4,669461450591956;159,5812710967202;14,6082640681466;101,15244936499501;13,502625837656353;257,5752619221964;18,340250397620807;67,4652394252881;21,6371267476879;133,85953137341468;15,396539210723926;130,14439373262343;15,307576476241884;261,1848408586744;17,16728601822665;60,35000896572974;19,33415035499531;164,1979631923645;11,134318868477132;77,26224338832635;5,513086243550754;232,69844164450268;8,138085268834619;112,05300977381773;13,001856590185822;94,54562752992882;20,219785688007594;54,74024517738709;7,1142892903723425;73,97971161973145;28,58455717502971;137,89358063595097;16,873744174650053;252,33894941322427;27,721835457850297;121,32871128787065;6,405042738495236;163,1800138130879;22,794183704092553;355,77217128785617;41,18161564093362
001;002;Valoxy;Isometric;Isometric;semaxone;VM;20%;5;Dynamic_ATT4.6mm_other_session_fallback;Applied;43,065822007207274;7,232085159627888;34,42372099615721;6,889876025292601;75,87036416430712;9,750769604097057;17,232131056499178;9,143552542853804;96,31946366165268;23,43832742384616;106,58956421819491;23,741401360187673;196,95366407645764;50,14113492496069;33,06020468750549;20,55302807761703;92,02048727232781;15,09496625126363;58,136958698983605;11,721585931895229;148,9943415842081;27,15245948709194;38,72618999264738;4,256006754884577;109,14549627075795;23,944500726555574;93,43738688392712;26,37136178461361;197,9299769564281;47,93488725393439;36,389693947728986;21,989115316993708;45,196878466902696;11,580090624038728;12,204246630495941;4,257906485468871;56,002667106404964;9,796942226231286;35,622045462433135;14,079915005211433;24,003152667009054;3,653515929815559;13,63803025550359;4,61676377796646;35,557762605800015;8,447418121058627;18,624613249415027;4,768154506950846;59,871323937849546;7,108194604591414;46,295691142011734;2,423208933623581;29,032626473773654;4,782991014925907;101,7822741953567;6,748288825643349
001;002;Valoxy;Isometric;Isometric;semaxone;VM;40%;5;Dynamic_ATT4.6mm_other_session_fallback;Applied;55,87044390487356;9,004358977340793;43,882972159282154;4,934358550850122;97,59810513915644;12,425819601291328;29,596373217731575;10,532483741138035;138,55502592927306;15,457357752669077;170,92213985174527;25,76839113556181;305,16074762888303;26,34249420879764;57,546815904717405;22,51805005551318;121,45053140424889;6,905468884603564;70,24107903364165;7,001667632466874;190,88062338435535;12,460822817624368;56,92330814513539;5,3552242077173;169,4966214718625;13,803984350911373;157,23071171328883;26,582065484531128;322,95272182726205;31,20525988735875;38,34777814605771;11,933408379818097;33,14560101136165;5,906429618157819;22,58804266592052;1,5277900571678693;48,042644456926716;4,074568016540716;31,829649467911224;12,05999109923719;25,400373973404356;3,3149414847526635;25,419175069464945;2,5011261808077334;49,36382750830422;4,016989030803253;12,736376228782559;2,9207744838622656;108,20876145592293;7,6309597100675575;80,23980253919302;3,99457158189825;48,75106782979915;4,846329672374118;181,6402286621238;12,497165155295816
001;002;Valoxy;Isometric;Isometric;semaxone;VM;60%;5;Dynamic_ATT4.6mm_other_session_fallback;Applied;55,048955525341476;6,636270608245232;49,17124932903329;7,049269360587935;101,35027254380068;12,084222975620378;26,458794884277786;9,955371169772452;165,7852258646324;14,459475534513423;196,40467437055918;40,49926958428121;358,16403647799024;57,51543597165643;56,69524635285477;4,882846010475062;140,9046804295571;18,27764448120784;73,97990574693634;18,886447316116822;214,31729179165018;34,39753429945811;71,1336127438575;14,815473351934806;194,04428846145987;20,11245381454002;175,67876889814187;39,04614948623266;363,91487644021174;62,98116912208655;50,79309078498321;33,74765040279476;33,15699383236305;6,77397661797022;23,422098760685905;4,391789375548496;44,37448603199525;8,681641931102355;37,548077240651025;9,827342945469326;27,0975790945809;8,238637424805761;29,771403058370463;4,2466454385736085;51,06621821669977;13,281368736279491;24,1211032872718;7,626027632533275;91,7922320642489;25,14973254699634;87,96672192539118;4,43464892288864;35,75384313052395;16,045532225513163;173,71840365259186;24,140026202109645
002;001;Valoxy;Isometric;Isometric;semaxone;VM;20%;5;Dynamic_ATT4.7mm_scanner;Applied;81,59521842903177;31,24548832576931;63,4053430411582;29,75358617283973;136,4761636573725;64,38729273780113;44,79986024126332;10,166154236926703;53,993186633726076;20,697306295986348;51,33019671237737;24,015886340893655;101,407034213961;45,57197656169734;25,003517354937628;7,330414571267699;76,69383672572364;13,148431383972845;25,677570616246356;7,7905673950935395;100,29332495058733;20,31000712011819;54,40590610695735;8,81197526774969;106,20977151382935;39,14272709497361;65,86002893373873;24,572489817553198;151,65192912524483;74,06372943739301;75,70269041975085;16,890708779380525;24,581400982988463;6,0703778835198685;30,04513671057463;13,808999253965135;43,2882988337931;23,900543415885004;25,14452201747863;7,455400664116752;17,091168678283484;10,414868027551472;18,7394388963013;8,99468038152531;33,56102063236072;19,976642859803224;10,80150099627883;4,014478796128379;71,01061662839759;7,571802515082428;25,497842604439914;8,135133910356613;86,30656149360752;17,153190466488986;64,34032788499687;14,584283311757236
002;001;Valoxy;Isometric;Isometric;semaxone;VM;40%;5;Dynamic_ATT4.7mm_scanner;Applied;118,85465669834085;20,618514415262396;92,95864929611562;13,424349357173579;210,13346644044128;34,10467805582273;33,29509328627547;3,2593353274427797;85,41066085178974;7,67970881284571;57,33422055810114;10,207301887433154;132,59726758779874;21,825727272331985;48,684122738458925;14,453593096210295;135,65778708091614;18,298163435492988;33,05665229044953;3,4590400749379384;161,38866860467525;23,92256459762623;114,609527021036;11,512095610505934;202,45752229747808;14,110199782184063;67,7894114685975;6,884140283911401;226,87905145671448;26,102686899648454;181,2400450393473;12,78089613528741;27,723686036642817;3,531304872658057;43,77842712236317;5,949408235338486;67,44759586636395;6,520862964573732;28,012888927594712;8,257797297400113;32,59767646875138;4,49013063621839;34,167287597026686;1,8553948680148442;64,96597269746336;5,793302314999516;12,137348733603988;3,7750212141565367;87,9193158354055;26,616605920386924;78,50680132534976;7,843229164280819;159,39341931586722;28,708274789671442;62,96822297077026;13,84394193509985
002;001;Valoxy;Isometric;Isometric;semaxone;VM;60%;5;Dynamic_ATT4.7mm_scanner;Applied;218,78924054510054;31,22512513547896;182,42655669229006;22,862728060781386;400,2514642052177;51,58863387380141;46,199239161165565;15,7761993391337;122,21172501338825;40,72301108103406;138,93588639875526;29,40134877546832;253,63972479183445;54,61094759920562;60,800399727941205;32,383370190048645;125,71103517853149;84,05568203439758;47,78287354056583;13,870562084353606;148,67756173718453;108,4086653382533;117,03705054406979;53,55827557716898;254,0731998565966;49,743639738360756;140,18605682655976;27,918340782800026;354,086008221277;67,56671809949971;191,6102891460899;57,06743217975842;41,17878379448922;11,853873566297594;80,0823852858385;8,3498364538513;105,85538954063138;25,000372090768117;68,15789170949616;17,07390330310418;60,537494322169906;11,751281816391131;60,83851902418453;10,199054981346338;119,16398755339492;22,268570058326915;23,617936813965702;5,117741040809357;117,35087926438527;22,231718840411432;55,57676542075387;29,72070260142817;161,5268583969328;39,053108241149154;101,50405616565631;23,445993131523267
002;002;Valoxy;Isometric;Isometric;semaxone;VL;20%;5;Dynamic_ATT4.7mm_other_session_fallback;Applied;35,40438163008891;10,720901698636286;30,606191356633815;8,153687389056579;60,468903632962814;17,03761411248113;28,188057215391126;12,495147643835217;67,01481217716614;15,299998454657649;70,47777416480459;14,431781763328294;128,84861549352306;33,56389862924062;39,9386386319573;14,792186438859122;38,75531755635784;21,30128805343694;27,287947210799945;10,266681321629362;57,484845698328925;27,34298995527227;32,98832253929022;13,247918093570817;106,58486313628195;16,999484279578542;74,45739762398834;27,57607004150685;172,0474668094805;42,864147199303304;77,08984667873423;18,3367444747652;28,89281822709728;5,40928199097217;20,550421465659632;2,383326139054622;42,390693118166205;4,872194912627705;20,7488472743726;4,277711321129724;22,314479638798293;5,5947141615280165;23,648874405386007;2,9293649466124143;35,896369452468775;15,210518174706309;20,128602452808963;11,725943764002535;106,34950097506439;14,143942956044478;37,33847763171119;14,64311798043516;95,8075946236154;16,52758158904662;129,2158529513956;27,386460493842854
002;002;Valoxy;Isometric;Isometric;semaxone;VL;40%;5;Dynamic_ATT4.7mm_other_session_fallback;Applied;50,74889422185634;4,894425595997406;47,77825556617853;8,669417838491254;91,06002171141583;10,158194542227845;40,760805393326024;10,761095323173734;61,28905521789528;17,34786089072958;83,55271481032635;14,565965466429354;129,6510487797686;33,012827389117696;68,20004680885202;20,04593779176236;88,40387060368806;6,677129625182866;56,24446168893712;11,933924071000185;135,74788083808932;16,003058121682425;56,76217486897127;20,535575506536855;86,80879998387564;18,666898681070954;112,3977886474311;33,41366314765084;175,90332112647457;51,985528886346074;99,28485188092154;21,54620987222773;42,95374471258539;2,812764681657055;35,63921135215854;2,5479594123574567;55,55564209570127;6,487540874951173;54,36182556761783;5,580100030795461;39,72858784844236;5,40430952309217;44,870708956912964;1,7014618397721786;78,07953735046571;8,529006304356779;34,28949385751302;13,332949951282936;119,45126677801086;10,43374392760823;68,29763492748562;9,551411233210173;125,01054246519811;20,86867991057765;159,42527042311758;34,35400144538671
002;002;Valoxy;Isometric;Isometric;semaxone;VL;60%;5;Dynamic_ATT4.7mm_other_session_fallback;Applied;105,57793506311472;24,229375786319984;67,32645915983034;8,121775234807712;156,58129840704618;39,11220743091239;74,09151281139785;17,90426706609741;134,8972511862818;44,40746769951063;104,48874883034125;21,6738651369831;214,9666817771694;60,83642150259389;118,11708753729218;16,189960567128274;132,69977314187983;33,50741289152482;82,23585749120151;14,275465023936434;209,09795749174637;38,714997938971905;64,53125950826276;35,15153190456521;116,40162496827911;41,46094887173131;157,76478183561727;35,68937375279123;262,00769809684243;59,63968986590091;99,55710417075497;28,087791530180755;74,03995236684213;22,960722371119182;63,15885262404311;9,6544191171937;101,9729493477287;21,485633690894478;105,95331682281474;22,43561950995444;84,10696831821554;17,35824696034242;85,1073154441955;9,323178705573557;165,5835625725993;18,03466179737999;56,012540957219265;10,433537510472943;239,79760195475356;78,08873262641725;156,81041623726802;30,126820671277944;300,09634227236705;98,02391624247399;257,8713948945685;54,18978373597812
003;001;Valoxy;Isometric;Isometric;semaxone;VL;20%;5;Dynamic_ATT5.6mm_scanner;Applied;33,32472405086243;8,605391511088685;27,633365214871663;7,016893194182051;43,9481572856421;18,070410761177975;39,387322521948576;0,7885416320110291;254,5575031344331;38,80211043059745;97,86548331221839;17,375540263663932;349,4814011261898;56,24507889468148;162,05025171219637;22,068692939526702;554,3720150504587;7,120133397481386;51,41213232510146;6,700338810563077;603,7460974899506;9,743334670070338;506,7795067541222;12,194726192233734;444,0514514792765;3,4667477892064653;117,43360548207961;4,97361412882616;557,9373267029233;6,564882763269786;331,9990649893242;6,691287969944597;44,133784652806376;6,798472712315483;31,234346068939885;3,787753952814844;75,0669821556677;9,869838308327928;15,723978885657;3,5757272732427223;130,33927452246252;28,098337173938855;16,027382343554898;3,994861807852759;144,21390681600246;27,814167596958086;119,85949609491645;27,768147536786195;613,1952608909284;16,30845397222088;102,52367017272506;12,081202892719007;714,8330583429306;19,008357721674184;511,67511980975917;21,59795510619207
003;001;Valoxy;Isometric;Isometric;semaxone;VL;40%;5;Dynamic_ATT5.6mm_scanner;Applied;60,401499745365605;17,607645767114406;32,169504892624914;7,745067297512679;84,40187721295177;24,444415157892497;48,532153074516216;17,212853831510877;533,6118416320809;84,27850908724763;203,23651521636575;14,258506569611649;736,6117520395597;95,14908457471346;332,95496976964756;71,33085971225147;618,2781041105397;69,53389663503468;73,67704384345163;20,42734116591207;679,9624833457177;64,43870025180969;565,7558766399648;89,74711326438342;395,97623219564764;72,24749878820522;159,1280150692636;18,738910981865494;553,6955232006484;84,21622811797437;250,68585620798189;55,65595963273112;64,02455269957696;19,054889946731496;60,81532897654064;10,572051666869418;124,63794631311404;29,53322738894043;13,62467136510844;4,810521843510981;285,238772511895;27,616259330105247;42,03669010476916;14,310840192576542;280,2028508593591;17,14270522741982;294,00935019478146;51,91415426132524;728,3344732344169;57,275266054797584;84,85267076575208;22,32639539972839;717,9918351054908;30,434853747942523;739,6916250510234;125,12328977520227
003;001;Valoxy;Isometric;Isometric;semaxone;VL;60%;5;Dynamic_ATT5.6mm_scanner;Applied;114,33626534768848;22,161398875536587;54,71988900945407;19,60044889871496;137,46859325189195;42,23708164406091;112,76190386488831;4,079964924114158;255,9326729722152;45,045623651015184;149,06217033499934;29,728142835702275;404,69981954571216;74,341695829451;110,11129669744022;16,35873362113353;262,3067260023078;42,98335261175464;164,71262461188846;20,468763849055218;366,7365491696127;44,23654081519184;216,7755448408399;44,39620232905014;213,42710117142119;49,624076451753204;155,46138027151756;20,744477542075852;368,6872290982088;66,43797626773535;67,87135811388018;30,949353107003425;73,82169714137096;40,65464870273208;100,48461933995421;12,114841180631599;173,68622713178638;53,35772612170221;45,02602199687589;12,747239999641732;549,6806648032314;57,4526676314262;183,41274969610308;13,522803544152731;464,6494228958397;75,30074110392627;649,9586423009441;33,639503735960695;739,4746475061371;25,605019011995765;245,71219525244865;26,91061003855111;529,7088787487894;19,855573171348546;967,3179337566138;46,82777101529851
003;002;Valoxy;Isometric;Isometric;semaxone;VM;20%;5;Dynamic_ATT5.6mm_other_session_fallback;Applied;107,51767458128636;14,457505175549757;33,32638509242547;8,383132368773527;139,94850422200525;21,761134340433735;76,05117079558872;8,38210878390653;67,47067167478892;17,254730335597305;21,545488658061604;6,876497890878275;86,47252957208754;22,995256762258865;49,890034607316565;12,398512933844334;40,955247092103235;21,317924863268132;18,331692430953705;2,1494977995868902;58,216195753179704;22,532434860550147;27,28143701657205;18,7204542412259;37,32575995579767;21,70879270864654;19,950845855860866;2,8852297099625592;41,498003996963696;24,60317505310045;41,950572886749114;14,961470830745556;43,904353917008414;23,979456645278464;8,458332897301934;0,9054642941816496;40,836000294099996;27,007258492903308;48,206661141390704;20,664497409946474;23,717276912595366;4,801957964904555;11,25057648068299;6,707997708947759;31,159366693138775;11,247793376128097;19,737776274726286;3,9487750387358114;271,81271109818067;72,34566645500246;119,47706889892561;22,45687957853045;390,5767219395197;95,09664975027698;153,63288258789186;49,28682263634745
003;002;Valoxy;Isometric;Isometric;semaxone;VM;40%;5;Dynamic_ATT5.6mm_other_session_fallback;Applied;378,78275341076284;40,39399947289375;81,7116322931074;10,744950568708486;458,7302582927673;40,830299262990415;300,5614461219825;42,09596011138894;208,0942024523984;28,983579461155767;92,31458487760436;11,18782880911872;297,51669116871005;40,62825270200842;125,72620790981114;12,656547354349465;134,99663027456307;28,76434597567939;47,98474128573693;4,280096473034958;182,88744507853977;32,825846151657885;87,13865781988804;24,80204795350173;111,32241789329487;23,345871253803388;74,95385259217598;7,570441503011279;186,03941280231024;26,99653441476754;38,2005499077501;20,160425451361256;92,61168830979597;14,564431622950819;16,907078159257868;2,8433001192819902;100,45678942473242;18,403890773578382;85,83387976402193;11,450779291590072;43,44382392395094;8,243659629977662;36,95298196263115;9,489205356030713;69,52361594884262;19,22680281683393;30,545988945383318;3,002389757633942;1120,6118640800569;79,65477074112395;379,4202328384548;26,881173922449772;1494,9044186754786;107,55093587025522;753,4309160527662;55,045099570777595
003;002;Valoxy;Isometric;Isometric;semaxone;VM;60%;5;Dynamic_ATT5.6mm_other_session_fallback;Applied;501,0582392092956;79,00575479443265;74,2772978199267;7,882453383477661;572,2068032829294;82,06825277627686;431,06516957246913;74,81611766121071;304,64166702799685;64,75493529160579;152,81742553277772;31,036542849284327;454,91393298535405;99,511186572331;155,53859963648966;31,312787381997186;264,5147125133109;23,81399356098258;104,61390484761048;16,01780863099902;368,69145950559835;39,69070378121655;160,36073730329707;11,206408478098092;244,83714910236068;21,71334669705981;180,0834604138819;30,106244092292663;424,8695728680541;50,051173305607925;88,86708061093422;8,30310097813613;177,96293223200576;35,27871984218035;46,672521532038814;14,611480182139797;219,89574200938796;50,75257331770387;138,83527218897217;23,559668368534755;77,21597396485105;9,449034152967812;59,51798302681961;7,997040308810934;120,76259185974541;9,537447279442006;57,758806010983434;8,467321217752174;1457,9999937337357;123,46234470043711;448,0297799217668;53,956814509493285;1903,6495449850256;180,23904639508262;1020,8323637533531;73,00877953338824
004;001;Valoxy;Isometric;Isometric;semaxone;VM;20%;5;Dynamic_ATT7.2mm_scanner;Applied;15,793660155421227;3,81683265769732;10,797882574887318;1,6643523708133194;26,304015905242863;5,428976012291483;8,318669529501804;1,193366086092436;21,044236306355668;3,2459817333544416;10,649569546953078;2,135226484900861;29,03371403577313;6,652578563898914;14,268338919810386;1,157294653387669;16,031449365298002;3,972069767413383;13,027383075939962;1,2845528519325855;22,473745630622467;2,4581728274377266;16,885564627624845;4,61850343673679;47,32110536469996;5,502376477061328;18,001517981178374;1,2047629941124087;46,715010712068356;10,648918123481867;50,03290416811801;5,483540411133768;34,091104697382605;7,4290731560430014;8,856309757414687;1,9948339869462126;42,75707752127245;9,477946821205432;25,707044453770493;5,326509136753681;43,881177282359104;4,650689051523993;9,335669172171901;1,5222108564508852;37,22421249840438;3,9623880240356537;51,033789689979336;5,698901842930626;34,57235719153952;6,169557866072911;11,844836243732068;1,9929432455240892;46,018593387457244;6,921087045623253;23,347255549684593;5,833821775495588
004;001;Valoxy;Isometric;Isometric;semaxone;VM;40%;5;Dynamic_ATT7.2mm_scanner;Applied;25,468427183187753;8,03436711381528;19,996633605059696;2,466111786025353;42,67672711780434;7,787580529964105;17,63909690042192;4,939761245547817;30,000121186369125;8,286984953065605;20,813771944705604;4,877240589268827;48,002656277541945;13,386424746088291;16,32012846034126;3,691529803419656;26,756347614702985;4,74096384185694;25,74768764581475;2,0463181500800225;51,42915882846886;4,467601582660468;17,396927195481858;2,0630684856158807;66,35061151311564;10,496950204749547;42,50321029566227;4,350484661681399;63,88622354861515;24,913245641495543;77,88248190051817;11,31327094459224;26,97508464990107;6,8029679856522876;8,528211641779945;2,6948699976264656;34,520448940669006;8,02975289763645;20,962312001494503;6,350354623972969;75,65397883483037;7,707316220878099;21,9780178367339;7,88396617535734;63,32575493258571;9,428569931570614;91,71840939320505;10,481204581818528;51,38375384173472;12,065206697821655;16,43345373579329;2,9212531141508498;66,48549446658835;15,10475159474366;37,75147703617589;8,733212109199291
004;001;Valoxy;Isometric;Isometric;semaxone;VM;60%;5;Dynamic_ATT7.2mm_scanner;Applied;64,67447637777549;19,639743907189203;35,81862786853863;7,051470167609347;99,81381781924536;27,09817616430851;31,639096840237443;10,979457349724166;127,18901089305855;40,36889919447826;29,890650685773164;3,838642760087569;138,6056973869418;40,90352068944162;118,14913447893028;41,66362581140456;54,3101410680765;7,663857982149939;33,1190230666756;3,5699795226592346;84,07901616169353;12,05606780778454;33,39628242178482;4,540264607139636;115,83255010230565;12,442431741979663;67,43438034763778;3,0979680457150884;90,6637784673474;21,010956577347784;146,42665297230855;7,203669320141228;47,22445143942576;12,943734682865546;18,820264375882157;9,708355086406536;64,8776041473125;22,13267692414175;31,38083011341958;5,708835125216746;120,48322042285535;10,545203683475256;28,798705823043417;9,32068524860987;119,97308774161024;17,243193872293777;132,27825835549817;10,580485128421468;120,47157797740813;21,089712653878163;37,04116488482093;14,514585494331028;150,15505979089136;32,59120128370522;103,27427493093744;26,24158300400435
004;002;Valoxy;Isometric;Isometric;semaxone;VL;20%;5;Dynamic_ATT6.8mm_pince_ratio;Applied;32,04157512534331;17,07949531093321;16,27965793335877;3,6637370173015142;40,56133141059938;22,531314508540202;28,824056405808978;11,004878755070628;26,53213946174221;9,875051259828757;10,297211244942206;4,954499851935401;27,516322293016067;7,109055813735533;28,442730000596942;16,528037901646787;69,50487540321164;30,091483446636396;17,606451975307493;5,7596120576632;75,76797193075328;42,40268026394324;64,28002047732187;17,66256009456069;66,20198689743508;15,265285560682418;24,97821416507812;2,7110167624190242;51,77731210214334;16,932351975404497;83,11689165846026;13,668842811476436;26,324042901383176;11,29020784503794;11,994179906168302;5,275204587426788;35,190099519529284;14,762765078309148;22,014826217058918;5,335285728916329;33,99259975894678;16,70208850564234;7,743804210181797;3,1215197329823616;37,77224768763644;11,052204706570913;31,542799114269638;21,197871641038702;37,55264937493173;16,32610150069872;18,205509541702497;5,164746217612958;53,227406503331494;16,86451193979085;26,96268883257148;14,515940109027957
004;002;Valoxy;Isometric;Isometric;semaxone;VL;40%;5;Dynamic_ATT6.8mm_pince_ratio;Applied;35,5860269591153;11,148034152404382;31,79851244674312;4,396956334538784;50,81037861708312;19,415813530163835;42,24447248308311;6,27899831579312;34,477872967988986;14,842563451529799;20,25741528856434;4,4999600159301805;49,113505503913736;19,512530576008732;25,747434727940878;11,542863556411396;72,26441248383807;6,869127048995378;16,779693314734786;2,2069012499424523;77,91935604076033;6,509307985442759;69,33905189430247;8,754009484982364;118,53678127433417;12,709168762634766;55,357312302001006;7,292437153320838;101,70311469334952;21,46666633248988;141,7265696476003;11,379764620894804;46,734987023156954;8,3554217098176;9,169533325725741;1,170062033323412;52,783465024446954;8,056775926020649;41,7904061239113;8,54957077413048;23,303839910253757;11,355354967159933;11,439960242404116;1,1509936675925523;31,8355202729416;9,635413844576215;18,121621174651445;13,451747544624437;51,29936293248902;33,822637086070294;16,731234750714414;8,710144971915621;53,48715774020609;21,344902164653725;51,66926139339414;48,10903507446236
004;002;Valoxy;Isometric;Isometric;semaxone;VL;60%;5;Dynamic_ATT6.8mm_pince_ratio;Applied;26,918791069076878;11,655944209846995;42,09492061916075;4,547659541728744;53,53832205699125;12,448475616927956;44,279560445795894;11,14883866138287;87,07920177681747;10,885616094057585;59,227890902757096;3,479004566498297;144,68313553634903;13,492954462088834;39,972586119201985;4,25738545254869;120,72816634576675;22,883109654260593;30,874814492055613;6,520476361860485;145,97132323394194;35,49412986230005;104,72570290479223;11,150883959157872;74,18835128147961;6,975162205600696;95,44135355775208;5,678123858932499;97,03480409954965;18,070232162336907;118,36500834243107;7,016138196577032;54,72824576705917;7,085349698954429;15,6291516524756;2,36369780278655;55,64196332213271;5,065346990586336;60,772644079396535;9,32743751851706;32,36340564291168;6,982995468793854;18,880479318949597;1,682834759312186;46,191996223202885;7,408585854361625;31,438856054753256;9,810539660859668;230,33707236126907;35,615071136408;131,58956878290155;20,45595738442162;127,31911350437849;23,486156871133122;336,9711092523882;45,400083932252144
005;001;Valoxy;Isometric;Isometric;semaxone;VL;20%;5;Dynamic_ATT3.7mm_scanner;Applied;264,58100474760283;12,590737635827976;167,0571473223269;20,74420494669599;429,40840402719243;22,712812671224313;107,81066778475572;14,697218913737744;402,040246606624;102,27700721360772;252,13397756456106;34,418035649313396;650,8027948039002;129,86639607548614;194,84457845686185;61,020025025373855;180,97639418676007;79,6692996497308;103,77944613209465;40,95691814885175;238,11015578859755;77,09392237495729;182,43106586800155;95,07801877096213;182,0376196631782;30,595371668151532;78,29541672517877;15,3636272861185;257,97307734748244;45,22014632410479;118,4459107037334;19,97542501961904;53,08680747270891;9,962699788855321;124,28765694290783;10,355025007712397;175,23129123667678;15,667969074419963;81,44900350549376;10,413147897171479;81,75842467333823;36,44933791484628;90,96701262345292;47,38096461701651;139,53741437345056;85,20318576908647;84,17433651427282;13,910643715081571;435,3422293932987;55,52987046608962;74,35552955942885;31,143999336970655;456,4765896547224;53,39364868857862;423,98361954404226;67,8414729174188
005;001;Valoxy;Isometric;Isometric;semaxone;VL;40%;5;Dynamic_ATT3.7mm_scanner;Applied;412,524662830351;79,58273935046215;179,1485462572042;97,04060485014867;569,7133419835393;106,79071495866681;334,79645773996464;72,39131005743927;816,1206167320872;181,75063591553288;361,51570324351843;84,37599899541148;1174,0730313654935;268,4500822800462;480,7515107114574;80,06215015791417;681,6578408769668;36,339052436242056;92,85198601294331;11,374449137891785;768,1431825144197;34,60563633214669;603,4221218634966;43,36324900465039;118,60130374313567;47,072666554256536;121,04262532829387;59,51370705690527;212,28966752952905;94,84032494846669;110,31927704000023;19,922848016461952;604,3266269836081;83,35023498061753;166,6623523411767;82,30483075959039;758,3724985510372;151,85919267578151;506,70376904303293;93,87388083538355;738,875817342456;58,158315346888095;133,63154495917453;14,632758289202298;697,8717558970509;81,60370479955826;786,5786528872175;49,8198520595944;199,0883085094826;26,73449194667049;449,8096028546432;41,448842246419;616,8627894529861;53,51484340919215;306,7235713097226;49,39957180350857
005;001;Valoxy;Isometric;Isometric;semaxone;VL;60%;5;Dynamic_ATT3.7mm_scanner;Applied;537,5831696458141;86,66843206725984;286,9539480958123;35,727504247422466;820,6174328895424;74,69181038776159;290,46490183434116;84,14048888601768;850,9363418004548;66,25780028217574;385,8306988513448;29,79170946529232;1227,864928385739;86,82293797129594;493,56489677484717;51,31132886458584;774,9847468056693;63,91431402452086;69,07703687743502;10,717270166623363;837,3206690599396;73,283905664251;723,5469654233151;55,735568680178645;185,50470023507074;62,66882902002725;126,8982100684268;25,065342524308235;214,12877931701405;79,1929163655284;219,04588656631273;52,9640042593208;580,1034592006125;88,25175054122587;139,47145135780326;45,626958442748425;661,7762649154363;160,20225850630183;564,6407158370909;59,34412907409517;856,9952343056115;44,0608002982587;237,44764966478607;26,72186160086602;769,6671518751702;62,33060420549133;986,5605534520118;56,13760368072332;156,94116646643164;87,19006821071763;654,3686336396308;45,411107146463905;680,0881921494874;60,785526775194626;674,0925137035719;74,39591619827164
005;002;Valoxy;Isometric;Isometric;semaxone;VM;20%;5;Dynamic_ATT3.7mm_other_session_fallback;Applied;151,62875871286604;50,20900571575;108,53813788234193;35,67242412736074;252,75091773379683;86,9120034544094;83,1165760909843;25,863420844489486;138,44731661965517;41,10440621523933;112,87064352098324;40,347154226460916;243,75568323684007;83,82293209621572;69,9452067584414;20,503507596405857;152,4150654889841;48,22795852913291;143,1589263781694;40,36094200902838;288,4410632865584;92,00620351402041;66,84233342553117;10,866102179050271;126,19916391677661;49,14583695197398;111,14180180021731;42,8818065816804;230,9623310531925;95,0708800241185;55,736510719864825;20,39392967978315;69,3572645486726;15,084831337821422;93,66163828955662;21,744846602847897;159,2221049187499;31,17130946988755;39,183295740253186;12,400115934318274;84,36686437398846;14,745691078086608;63,565983317143925;11,989724927705435;145,40736237807417;28,181410730923186;37,861882196459874;6,921390079922104;28,883192122316565;8,697308008531266;30,607659173636627;14,043316045840966;51,15080364587339;25,500648464955535;26,59947620553035;4,549588639717069
005;002;Valoxy;Isometric;Isometric;semaxone;VM;40%;5;Dynamic_ATT3.7mm_other_session_fallback;Applied;219,13681838224556;13,07933223122093;223,47829554547033;34,616317907294714;441,8840578346334;41,81203375194275;94,4781358381467;11,920376257264651;166,12632674963817;16,054956986886765;172,8115102711334;18,425366559530282;335,81813734316637;27,30036224995517;67,77395339819992;12,918798900738116;186,78127078097268;15,360794210224896;273,78473596005284;44,39726706721667;458,41530142422187;58,15310840795575;97,45536912358388;28,947552565280255;160,7883248504657;18,724642706138006;160,31300759177472;15,800687522915537;319,8774158393122;32,024973254679196;34,098686475941335;6,890198808335373;200,91559680836053;36,15723277223314;174,62438329637592;31,37909011212322;350,13802244418713;56,465194590114706;139,9424724971526;10,736255046461428;81,2404189563548;18,748546038633116;108,33873907978084;13,87052140490931;185,39484220896986;36,11290874088456;42,273519862608545;23,094861800135206;104,74993997567238;42,71844366822841;102,95564482941282;21,815658825662272;194,34853514245256;55,148301613782955;76,68352635940232;71,91101449886672
005;002;Valoxy;Isometric;Isometric;semaxone;VM;60%;3;Dynamic_ATT3.7mm_other_session_fallback;Applied;470,1100990786014;82,46277343938414;445,26463765359193;43,78898651236343;914,9655831301983;123,79953440813804;147,93787390871717;46,17190262552705;359,374074500557;84,70615233498643;258,08306661379106;41,0043068519955;605,5032427812233;119,61304981089083;197,61544473200183;50,70669632568765;412,0624198550998;34,02720163851279;456,153163486266;29,959533015807857;865,8276110241359;22,06063682112232;98,99520911202266;35,23033033421538;327,75289729716815;17,894427258052882;259,9905867561426;38,31120466249695;574,1499777790435;57,003614067897054;93,13876102355819;26,71857944043884;398,56776852786953;68,41077596230456;325,8076193579548;41,72689670644453;699,4629615068437;112,41053377165656;220,6068644977247;48,99785739286005;432,7923703555478;256,5581729125833;599,0974480729964;397,7657302747076;1031,6004055092942;654,4253513094593;173,2193354718173;139,49310616841376;235,89724481009839;63,4311563743934;191,1635420999811;11,848059276448405;380,62285094971867;70,16771982675228;175,56326488269542;20,901132136936866
006;001;Valoxy;Isometric;Isometric;semaxone;VM;20%;5;Dynamic_ATT4.7mm_scanner;Applied;51,12842640528583;7,1401036766113375;44,01140157283531;8,420738900262984;94,08071349568809;14,389065972382546;17,462251396771347;3,0138178766104016;57,22462117714942;13,638634040970327;124,55286413869919;21,579369997910693;160,6045312647895;35,64541374956519;104,11804374407504;6,801079063245002;119,81276344561225;20,827367896756705;82,06849553799842;13,516776972248525;201,53858311655762;34,380220967118106;38,971998204768326;6,970865483290885;55,67284611663767;19,600643223080688;119,55896710351112;25,22242196634068;171,4626052957712;42,43737101724243;78,26566780764496;12,056867060454154;24,51543465370024;16,88301439710333;10,508649463426373;3,5156202393583253;28,754313747962783;15,21467143051804;24,363458234801485;16,315939489671607;24,267714331765816;2,9568142623388645;17,19079338368692;3,2976951909238146;33,8560424733034;6,59530543390684;21,371947920720807;3,7491070712307444;58,95620551337022;12,386767725090726;73,33759055808257;25,603071506728984;63,27375606914459;30,18860927981799;116,18398372718931;10,44861124236738
006;001;Valoxy;Isometric;Isometric;semaxone;VM;40%;5;Dynamic_ATT4.7mm_scanner;Applied;64,73268157927652;24,752225264362004;44,30503840397702;6,236346473736124;107,44488692079669;27,87086528996695;30,521606834827566;17,812977337558998;53,82487594927193;22,37098606867263;117,30923665008713;15,11637960783134;101,36448654568353;19,3110949890558;151,72645610865138;46,12977255315528;131,3618784422153;24,0859632895275;64,58022619266667;6,654443978902001;194,30156809930185;24,405964390809185;74,58216483641337;20,774993310420662;42,898860317920516;14,662275409343943;116,82988368340406;6,802982056993109;124,10057205041366;24,236510674306896;127,92360907910734;30,74124748886077;43,77515369832834;40,013349708636234;18,308431184551335;5,558820120641102;52,403431049595284;35,57677789505257;44,727894699070326;39,79586206671511;33,484263327712824;13,890901630944567;24,682573263630395;2,9740280395658854;56,68165627038061;13,516918551794692;17,977348430419077;12,824866125298321;106,57861959304023;34,07357226219304;81,16000649328839;12,748457265034451;107,68558358204999;48,2413300679139;153,43015272304632;27,16208717955185
006;001;Valoxy;Isometric;Isometric;semaxone;VM;60%;5;Dynamic_ATT4.7mm_scanner;Applied;65,86517845287571;20,384604571149268;57,64382922636237;17,067570202245758;104,03294673828846;10,915018370627838;58,04855614704697;39,06523000474391;67,36990000608061;30,308435185933536;108,12669999782479;11,49121267133982;136,13501886388119;28,850156356977845;117,25629397679938;37,656058135080166;89,66343701063013;23,556919222541925;39,47608583173969;4,919014878998163;120,39471349002615;22,411704429681887;62,03162643258852;28,696082493442972;64,06971908028018;29,446572536010198;121,05535149515893;9,859763839893024;157,12873993627804;28,435725224333115;119,42190416375877;37,84408445695193;62,17961410676153;30,565189345918274;44,95463221270691;39,907417016292285;96,25469939534514;64,34396174295033;52,009435284832215;20,39060683929126;74,63755651367143;10,42663288340173;42,28740347201815;8,66629016140266;109,75691064825241;12,836278712088761;54,09726055195189;15,957593356558649;158,1228954686874;27,19118006728443;82,58675934807452;20,73422737462518;154,70925660762902;36,29013197845995;196,90673552803364;26,918028766851204
006;002;Valoxy;Isometric;Isometric;semaxone;VL;20%;5;Dynamic_ATT4.0mm_pince_ratio;Applied;183,52279371364986;10,13045191700439;17,890138199852096;3,78469175196446;198,83606360645143;10,958190716383926;170,23229326448208;10,902024799984328;193,33849311993987;35,362987517345914;109,27151696490674;6,931031634542515;300,0425139619052;38,55122252976938;89,6029962012966;32,31758699154527;246,64039461534625;30,683699854517492;54,772226221176865;10,302926087065906;299,7087324585217;39,88637934711846;198,85623334609545;20,988185998106935;121,15378025371601;6,221687253354968;120,48281244469243;9,261984729308292;239,15418757402085;12,760072022863183;33,5603081854238;7,693029274114457;85,336919265579;8,977530991398442;7,537724069510429;5,600192245872174;81,10716716811635;10,1903387763395;91,04089334697937;10,97978761663034;170,48940661829346;11,654807816474854;10,161062783607079;2,7810165004192506;165,5056770448211;13,490249727307802;177,44633292169368;9,451240695720022;164,30885758588983;16,87297253478272;35,50430835535206;13,389619276463925;144,95578666293298;10,783466939952875;185,2910181222421;22,77144859253749
006;002;Valoxy;Isometric;Isometric;semaxone;VL;40%;5;Dynamic_ATT4.0mm_pince_ratio;Applied;193,56893741020866;10,90265711669325;31,688774661884764;11,313744033028007;221,28571054246135;11,854387759997824;173,48379041819308;16,209689366835565;301,92403286754944;39,58259699576117;111,88336100142435;14,552141620898682;410,7475055230683;44,52436298339178;196,51346625705926;37,17751784236818;439,7591289405008;63,35217540682296;124,28268620116587;24,016414336443475;561,9448077498553;88,00100622079552;324,52140473615134;38,191239238976976;233,03809482858506;22,58492698694342;191,16706331169377;23,521524528276373;422,5366622751224;45,76471958065012;58,35551712460492;6,869677758310107;170,3070923422889;22,692430965523577;23,084069071331932;7,1787668648907195;160,45850919226723;30,570777373597558;182,04272229063318;16,953667899979454;163,83453195979777;8,481679305384425;13,267903791519668;2,3948021250455414;156,69992091566797;8,326120216506224;172,8497127597848;10,425931997779928;167,37076463336004;16,123513650847787;134,34540755959446;21,853509311166043;82,54580868594695;20,131889158946205;267,0595288103791;23,839381133641268
006;002;Valoxy;Isometric;Isometric;semaxone;VL;60%;5;Dynamic_ATT4.0mm_pince_ratio;Applied;217,35879374464557;35,11318170464737;41,43239629827408;8,57138665500937;235,31187945575226;38,294223611853624;207,23828494916432;22,03343733069272;453,7816499844959;48,08766196883927;179,59650792086336;5,651652117690478;632,3842833849791;52,380472531218984;276,1779367670788;44,03512494336255;379,7430688798405;78,10964099809385;91,5234880524882;41,78795955478695;469,1119555567437;120,89843545964334;292,3045337056969;37,31609195260075;262,5481791433311;30,455892068719084;234,73572699845153;25,069027226026098;495,91575276975317;55,2115718023898;54,13062672817671;16,033566997164353;160,13660499219122;25,21168133099246;32,90940218990142;8,61533631846654;159,74762732201233;25,56246309566564;161,37213100403469;27,69763248763758;257,8678211297164;16,336325312561772;37,52326747010627;14,38924118655994;259,1463956876521;15,70098846750165;261,72684558916995;19,089680250714764;195,18131060026232;35,76478775295308;160,99048567015853;23,18756629238771;114,98359780965691;29,655018948997412;292,5467856168918;43,85751686879656
007;001;Valoxy;Isometric;Isometric;semaxone;VL;20%;5;Dynamic_ATT7.2mm_scanner;Applied;13,068700018229555;3,995255195617266;4,807432359437611;0,917222829352928;13,813699099697677;3,8937071451858625;13,61170084567841;4,000235449585871;12,25768932753317;3,097604083667225;16,019956240967534;1,5024620249316205;23,204536828395085;4,027421504091791;22,635386877625177;4,645630472059905;18,079696347733027;3,5106850626067887;3,7958109628462298;1,179192848352786;20,68894056819883;3,638732445070282;15,857493597990645;4,425609579362731;14,224500897855858;4,028416763508135;17,051838756824168;2,0278417169542453;23,099127682603303;3,567154519541736;26,403431315466587;5,15042678184576;30,39156257817125;1,7963867827977176;4,3987841235613;2,478906554859888;33,80650111300927;3,661394470236705;27,23979304792009;2,706672474121887;9,33923429663524;3,3379627255179165;9,356382880953785;1,3124370168875543;16,55414581549973;3,478648218424216;12,627171829898778;3,863393221415097;55,00390115250657;8,343033959904153;14,329880975142277;1,0459611453547053;45,55825209270469;7,05847988846328;65,37568863520724;9,181965449054529
007;001;Valoxy;Isometric;Isometric;semaxone;VL;40%;5;Dynamic_ATT7.2mm_scanner;Applied;11,074874173458486;3,7025938650303503;6,976569347236404;3,249781103621381;16,51596360284178;6,286845646287358;7,5591673709776215;2,206736928629343;16,81223487313457;1,9857169372159382;22,64715114682533;2,708205251370408;38,32608976989262;3,376328927728941;19,145943966301207;6,64925449110575;21,166196864224183;8,850042493035668;8,439929835045366;4,653108950600869;28,440245569832733;13,70420508915314;15,011271455965305;4,079155183453482;14,82844931505935;1,2623227473935632;24,46708363778643;2,0176062791162868;36,817154308289716;1,0500529597669155;27,4574752109455;4,042197990976006;43,855933334217575;16,340518815699102;2,237106973807471;0,6468001312849706;43,64660202659678;16,990459604671884;44,146461149137664;15,66341674278866;12,554051237034946;3,757778431846133;9,664429097845902;1,501436835785696;19,126163802033425;4,79377563045603;10,957458353571019;6,336997461249952;55,87405578192039;14,581823272114224;35,92517250400075;9,995047900833402;36,73409099065181;9,560072519014344;84,83462761506372;15,43085653100751
007;001;Valoxy;Isometric;Isometric;semaxone;VL;60%;5;Dynamic_ATT7.2mm_scanner;Applied;34,55233269749782;9,749361891090633;19,537835506220812;3,081233218733613;53,36835318573746;9,664815215180848;18,995849809311498;9,528000978762222;26,730707080551714;1,7996609258702077;33,90126966214756;2,698588438635489;59,557339889591525;3,870034724364365;25,859680492897475;5,9720645514587805;33,39360252427583;6,1785992480377;17,96461477235971;3,4119588470638234;51,05401522582289;9,430381338366242;16,533844308252505;3,938452438602692;24,70592517152267;2,5797454572186607;37,28986099349701;3,587336509605418;58,584974090157985;4,4402202443590495;32,443566774145765;6,6065322680846235;38,692340242989815;3,0938880337740855;17,65503311029893;10,619567588754665;45,49464218455656;10,413611708348322;38,551250482811454;4,8400457059907795;20,068039622202136;3,710183368802592;12,938527668679166;2,1123763338580774;31,63026026525327;5,109976627687216;12,711474807568525;2,9051530665019802;76,99591968779886;9,03840932326566;64,35815586631753;5,357657642307839;46,9497858969101;5,008761236488393;129,50237747807222;9,943714458281399
007;002;Valoxy;Isometric;Isometric;semaxone;VM;20%;5;Dynamic_ATT6.8mm_pince_ratio;Applied;16,63730401226052;5,328800115985946;7,740480249359864;1,9875472668016934;23,41856686533406;7,219754107990598;11,282138086769155;3,529919599806312;15,48903544920592;4,334802892720787;12,167931253507067;1,0012993152453646;25,846938763880683;5,420642090786831;12,47107452839905;3,02152565794048;16,940387474413065;3,07482854137025;6,151174872617871;0,5063319048412459;20,44807681015076;3,318526673532876;14,675072679563709;3,51158806690958;18,270956586382674;3,7803330493949057;19,085440181127492;0,3493241559287517;26,109365738837162;6,6160050856781005;22,258734802663774;3,723150439914709;14,978807391531628;5,1514870899092315;9,685099715088768;1,071642938962663;18,16831959952546;4,821233487298293;15,245323955739323;4,306768825500216;21,744702573268544;3,7000425361250775;7,523278475799676;1,0452910794217927;19,165262418403874;5,029112533640621;26,016374961934268;2,678398360529327;19,32723552232767;4,060493010631484;16,833278068670644;2,047207467423119;32,34685457363304;5,18900125475268;19,29034294022343;7,532602798924392
007;002;Valoxy;Isometric;Isometric;semaxone;VM;40%;5;Dynamic_ATT6.8mm_pince_ratio;Applied;30,324998117366903;11,838907865424313;9,940332926960721;3,059589836001894;38,887442391391836;15,323385214614207;23,22709825459716;7,975046777159939;17,67656186770632;8,153829216626086;13,952877726755435;5,7612147685707935;28,060375239381422;7,296016696210381;16,4482532053954;7,886372984709223;21,540891116970652;10,62141864112236;14,52656694260639;4,6550240124489735;26,37617069451526;9,104838135299364;24,61113098810563;9,409184527383973;36,27244058153894;15,33546510933146;26,717526607847805;6,322836886297832;36,55307484398488;14,786277140933576;48,15475321244865;13,458032286237884;18,039751728882123;6,387862121385584;6,065936950978495;1,2926770048530019;20,365126728464258;7,109964843069081;17,887452857960028;5,538992125705964;34,85427392807857;5,979491100886119;11,487327750115718;2,2041857654724524;28,177030104762572;6,919888537698931;42,557638828857584;4,731572422620662;23,842747335301222;11,253850037627883;13,487213118426208;2,9880425307837144;31,35426618006509;15,615899180927562;24,694457915068377;6,416962416695896
007;002;Valoxy;Isometric;Isometric;semaxone;VM;60%;5;Dynamic_ATT6.8mm_pince_ratio;Applied;47,97336392862145;20,128944283854644;26,589986130407;5,345645586296835;74,24829531306004;25,46570917414144;24,614587770600824;11,579891779556325;33,211682275649814;11,038778797558333;13,614672644172794;5,43380023083725;39,61829928861012;19,8946618875198;30,631317670821726;5,83347930910913;45,2404191347469;5,431067586981255;23,265185159467798;2,955354876963344;64,80192776301615;4,341725503132179;30,311035094894425;10,232317401705211;49,87971682493779;23,609977015833895;37,175352149567246;8,690881493742939;42,4612359290641;31,902043236585552;71,52962135484674;7,328587931728587;42,46742474795152;6,871770614254838;20,151058790757;13,345201736797161;61,95652433046323;13,047261611948851;30,510020424099338;9,713484610377455;57,716780531329256;9,930042476648598;29,54575731764274;11,307624321987078;60,31526462039617;14,410209443266465;65,55198472300324;15,446796968676587;71,7697563032074;11,51290268623964;79,3123716430356;33,85352619496756;142,26016730296422;35,87291850810237;42,4895505756253;17,08187947262479
008;001;Valoxy;Isometric;Isometric;semaxone;VM;20%;5;Dynamic_ATT7.5mm_other_session_fallback;Applied;21,82638584910523;6,833712553042514;9,74110789092487;3,4189613886662906;28,467759653830836;9,334217138478971;18,37603463283228;5,221989250349266;35,78165150417191;9,684182876698621;29,71804663883816;11,484293937880068;61,35208574289551;20,174667952681986;21,12006331737697;7,545555412840959;37,45974017635778;12,797890919090346;23,228598389116424;7,40167650658451;60,357865681581245;20,396899407251123;15,215764681095475;4,8383540165421;62,18121038243006;16,236083568006553;20,019706739568168;8,002155267214288;80,6741296969926;22,823354300061972;47,93034274051598;11,992210683979739;13,041955616427057;3,359832648350288;8,14454949911589;3,232067378145556;18,974181155926072;5,143775906840573;11,121396380604738;2,929688481594914;23,15864559931888;4,771000259472306;10,151335966754724;3,647283870519917;29,246220930282686;6,395328772632581;21,601484445999013;5,40204126515496;9,288669415352766;2,2189499551124126;16,41175467799531;5,435618009352047;23,14561151421261;7,558893276390714;14,98335964889248;5,039038283758185
008;001;Valoxy;Isometric;Isometric;semaxone;VM;40%;5;Dynamic_ATT7.5mm_other_session_fallback;Applied;41,61095558881284;19,694334936429172;18,063208471594557;11,482490761329451;55,75722531462331;33,28126259046154;31,076362951219515;5,579931314723269;76,63338488862261;15,175853204395647;73,97783659313976;8,696571224040525;147,32659206804965;24,4484260141954;22,471358824634976;5,408566566260813;28,710663100241465;6,528723673026822;15,685872985544075;3,9156216158124946;41,157212608609015;3,3876395671577244;21,56404444749549;4,546534675725313;103,13721124203865;14,517007251358708;55,368737183670326;7,223359404303528;156,2300895622234;21,397980310913834;59,68977812488739;6,779517686531127;28,211959983106784;16,0307660432803;18,963427531608836;4,8609800032825285;43,64609337781734;18,881093460265834;19,735073960339577;12,992991118640521;23,015372461976465;8,378475428889628;20,22191214437762;6,61091376371627;37,28309922153348;18,804800881952996;17,96981740206221;7,267402536178805;18,447608936068352;6,724765901841365;29,239559318680836;4,2108401951347245;42,524932124368775;13,036753817461602;29,25680657271036;3,9370293249612613
008;001;Valoxy;Isometric;Isometric;semaxone;VM;60%;5;Dynamic_ATT7.5mm_other_session_fallback;Applied;61,44074980815581;15,597483509980414;52,263752526035375;8,352541926413918;111,39338232388354;23,917858275561514;36,15642522544734;5,961262767042453;89,65719268536157;12,251948676544044;93,65177264128002;14,242039563465719;181,09354328974604;27,84627225270396;35,66805586180257;8,420897637890148;58,04689608097203;20,789883726455894;45,15969906012126;6,1071533581931705;93,91359006204586;27,542827700675396;44,933036566262295;5,918588258810712;121,75566114938688;7,327917242051955;65,48369930099236;14,438358524220966;182,56154111206573;22,87739522955393;88,267250990549;6,229037881725397;18,963150198618045;5,139183760105657;27,61566902187485;4,633589962393903;42,84810557694127;8,970732673761821;18,4044891281792;4,31962119102488;37,78445228924934;4,594946916049218;37,83824485308014;3,8942207784076697;65,0163803782954;6,85280793601125;44,60327964745306;12,482217842999544;49,53899913128006;7,983513856498587;55,02755901911472;7,2674260038655;103,4636218517331;14,489571395494028;22,452236190773128;5,0008033304547626
008;002;Valoxy;Isometric;Isometric;semaxone;VL;20%;5;Dynamic_ATT7.5mm_pince_ratio;Applied;19,671849809395308;7,551053898579948;9,17489962075134;5,811997754154462;27,57969061640256;12,42427360617875;15,47507387992496;5,014845824133222;31,594640323931145;5,711452953157816;14,006656551801703;3,3138994100633856;42,41947264939457;8,465194307182129;22,517352818681168;2,7850498846341005;25,769300536368213;14,076236949051921;15,660640702186209;6,5025401321450795;36,30855288666321;23,597248372035168;23,215633518265346;5,013007342714126;38,086560388745205;6,620941727669013;15,832486638951542;4,331056719679674;48,69322372110056;10,569243606236036;28,16672363538885;3,5293684371680647;18,743034157442246;17,699205485468685;7,801138358877468;1,8907843935972588;21,31956600865474;14,405435617310337;18,857185261769807;19,82772759731717;17,377163249622196;8,044413049428748;3,944432169161918;1,6873106629914478;18,808345909990884;7,434688877505986;16,938556336625865;8,798362656953925;27,944523984459494;11,677695480315053;19,095482448122972;2,544501247513193;44,23139059390574;12,999104396268438;18,338308689873585;7,647156414937892
008;002;Valoxy;Isometric;Isometric;semaxone;VL;40%;5;Dynamic_ATT7.5mm_pince_ratio;Applied;38,58595628695906;6,365679659466652;15,52340750439294;4,073572347204355;47,94380697150347;10,221648487396855;35,992957383988276;5,454985726618564;37,699341772246065;4,923728266411585;19,873999234443836;6,584689232757057;34,14673709717572;12,257308637367286;49,53046922604996;7,155984800755699;44,27071341423182;10,625189325690318;15,19347720598238;10,72424310720902;52,11015810183424;24,094467472819534;45,87303704274098;5,649902337299295;30,154403102727407;5,554670770871278;25,382032563472155;9,001473356024617;33,731914089266496;16,724052821318278;45,04320377837281;4,563755319871485;30,505731692624682;16,765757120643716;8,048933575485803;1,7754296273792036;32,71761444790131;13,990730620407824;30,790515067308416;17,81244709497217;14,417490812867147;6,8654219955239135;8,495357246133521;1,2696160548446958;11,615229709509837;5,221434901277253;20,643179213135067;8,243359527454361;32,3381344757561;5,858494226901031;13,133789633186293;2,3037883812996394;39,091604296207045;5,407797612388808;31,119060747467977;6,81768877410112
008;002;Valoxy;Isometric;Isometric;semaxone;VL;60%;5;Dynamic_ATT7.5mm_pince_ratio;Applied;30,872833310287625;5,265985661759585;20,935345020423476;3,9275784698133673;45,45571976300941;12,775071771717137;25,775086558912754;9,48312084635184;36,02235298626149;12,784755501573613;26,492215345206056;6,003301749694274;45,70904107682244;18,752525560711355;41,11968743876374;16,697964733823657;38,48100691638763;12,918793008758142;24,404168761685618;9,646732137419248;49,3259550384124;24,74317107925257;40,62283143501484;5,429932401806767;30,213142795787462;14,589100940504911;43,775141558730105;8,105679171174124;64,82263453506431;25,684917852038947;42,77725936767025;1,5662821586578106;41,77439101052914;14,598227171196903;14,78296564637177;2,9315176407165846;47,16294568771561;9,84741455767207;41,66262364488989;15,018596331582915;39,95737350789342;20,38991524285799;20,45353102592123;4,3594046061412595;38,3605965506202;13,943671582602619;53,05311417621211;19,943520010513517;47,59007828550036;11,818929987141342;21,477812431139675;3,5281111844306468;54,242214986365425;13,55936128660999;52,767491845254995;11,612836714234144
009;001;Valoxy;Isometric;Isometric;semaxone;VM;20%;5;Dynamic_ATT7.5mm_pince_ratio;Applied;68,68605594141101;11,117171404773705;52,76109222535479;6,069580997503576;121,30800358316924;17,042822086307737;17,222346891675368;4,694444400353808;127,92318906955738;14,514007526948113;37,45857463150317;4,609932574005997;165,37429300783336;14,625249137216905;92,24362704989565;14,013819779023866;54,03974165268096;8,044459114845385;21,4096544888672;3,529809256914411;74,28594203533372;12,907146897697837;33,84332166464281;3,8226391539393103;59,24034281355167;10,923743141953219;20,257175611247405;3,493004552149132;76,33334930179203;14,453027823624726;43,74893474806898;6,73924227551382;132,39514580610222;19,289847910401704;29,268082530447238;11,533591023429807;160,86431830473958;17,163908881006495;110,73863303527953;13,790300493619585;73,5642555194382;17,45479306215457;39,661029699197734;9,98930869965894;111,53115528279716;11,603545203735257;44,566532713487376;9,858749639434082;35,45012700531761;11,267556530825845;12,649787584720874;3,3789818644438503;39,18468652611259;8,790594955920373;32,67443881119682;16,922966184919275
009;001;Valoxy;Isometric;Isometric;semaxone;VM;40%;5;Dynamic_ATT7.5mm_pince_ratio;Applied;68,44051192278216;6,884896001916917;64,25965102117587;15,22708552269505;130,51945419791832;12,377788696713848;23,411885946147628;14,300417268052321;117,02969024260946;6,185322461416958;35,540350073105955;7,3510942502316;142,5430873508735;14,01085420729399;91,62947148238325;9,717215115665274;75,15791900461532;7,830503785875847;43,12019657669733;10,148171210055395;114,37960085915199;13,146777395077326;39,56725503881562;5,480593181850284;100,33498663899184;9,324323044398076;38,620452191260405;7,520470703693822;114,14150586562285;17,34770026880876;89,76931625027667;8,982042059939637;149,52950998127062;32,68476672764234;39,45304486088676;16,790060146707923;188,2764827159693;44,60458709000374;119,03117219837084;26,097912723806715;60,87132429202152;21,225724673450188;41,38446330384697;2,0547303316265007;101,9325336612911;19,9002293196984;30,488262135717616;13,280089117294764;43,59851575160078;16,24402438377034;24,897617159678514;6,782189753371997;38,63558137380621;12,749010191022514;59,16267105175177;22,543026197571788
009;001;Valoxy;Isometric;Isometric;semaxone;VM;60%;5;Dynamic_ATT7.5mm_pince_ratio;Applied;80,76793225670194;28,738376777374604;80,26681302017691;8,53758613335161;158,6837646319762;32,05909788360784;45,049983310467574;18,02838179492579;133,72628559324335;23,280624579260866;66,8789729092786;10,994422290805751;193,57066161167083;24,825869436907873;84,63931219088383;20,697397968585648;90,7166825323583;24,178059487372806;59,445153427917624;6,001551488534478;144,42355661426498;17,74785487688551;42,187769069431866;31,341027004436853;112,79689090805137;14,109147067127303;61,09101557093943;5,015661713977264;147,18980123989573;14,784326583950932;84,88311966866868;12,613776555405344;155,95297227005432;23,010986415223115;38,297433854435965;13,654427400711725;187,56512172374835;41,66562107705228;131,29264027874484;12,024151244494707;66,97511961010078;27,830787356104526;55,130268450658946;28,13487764754472;114,87177348741643;61,50720898259132;40,282011258144834;9,73792406867704;74,75973601145195;18,937286945779757;24,48087559864888;5,255617588863482;86,9474976922694;13,190931772949876;69,60342750913935;24,168649994209858
009;002;Valoxy;Isometric;Isometric;semaxone;VL;20%;5;Dynamic_ATT8.0mm_pince_ratio;Applied;40,00939987786832;12,21245868741349;18,36607164999052;5,718373886446928;57,979837213435914;12,649747940078107;23,923905973110546;13,353598294150926;44,050216978682336;20,789987037587924;24,329364925640895;13,299154673002953;64,4613462390711;22,34558229032832;27,97340031804368;26,676919379227765;27,117938598048852;10,960225744681855;14,843186795343609;6,653576914170154;39,40581106249177;13,049651764972644;17,23846274056538;15,615977729527284;46,98767063582728;20,68768713653474;24,6596115877092;15,584627752844234;67,32535106136014;26,427085949297055;30,153488759952296;26,299399482842126;40,13972553125449;9,98735687568324;17,6912600832246;5,282620902137128;53,007125216316425;18,6640979863897;28,43740352638663;12,50306217307032;23,591951746159033;20,534119622309856;8,515744396764957;4,577809499376616;26,87059651277783;18,31061610055873;24,415626844301293;21,10616571762191;122,64728072030945;54,04119284325438;35,50017996736706;22,16325824583566;102,7260390029838;47,67089826255971;144,94295382655812;63,91994152121332
009;002;Valoxy;Isometric;Isometric;semaxone;VL;40%;5;Dynamic_ATT8.0mm_pince_ratio;Applied;47,9354926630315;13,89829673675448;22,337505897074017;5,12601881764762;68,81195613898083;18,898295108297333;28,51874825889437;8,75935983663015;61,928208714718195;7,040636740531664;58,509433751868144;11,263973377637917;116,79803750690306;19,14240390625549;27,886661735949758;9,251442292772431;43,648477682718905;15,1940426756705;30,64515088474884;5,904615737652561;73,04552398504816;21,07183531234577;18,02539380588174;7,661854987280464;65,52563482608318;9,87368016426151;59,59437282805489;14,349426471181733;119,64648367954757;23,108406610407418;28,65682989349034;20,105218122754668;42,12931799435456;9,732387761040146;33,98724692440267;4,535240783657916;72,97708473318052;16,619046814306667;18,815744963562246;10,266953371590237;25,68138200740243;7,358613061611374;19,916099739548457;3,339188617989149;34,052078075065815;14,931687619362862;26,87457056002263;6,345883084777332;229,64160152916006;33,17167680867799;95,92071171350213;7,690293261143919;147,39775198823617;20,062571754461157;315,8496576900664;44,46905139679426
009;002;Valoxy;Isometric;Isometric;semaxone;VL;60%;5;Dynamic_ATT8.0mm_pince_ratio;Applied;85,34084418365083;19,489587353634665;38,59292655419931;8,988459572657726;123,82057435392626;26,2306984204816;47,99265313776643;13,818882143735914;63,557452303373374;9,047965293537693;62,04317532345133;16,245567859569885;124,06893143493082;23,814280403875518;31,521273869181908;7,300109032747868;82,82044067487183;9,573503021027973;43,117365914702404;5,702190615979317;125,3232908423386;11,404618621429703;40,6002675896947;9,957967289323825;74,0275889279738;20,69713378708954;67,0049310067318;17,985259892112268;138,67536118022764;40,84388885302549;28,137767897817422;6,673295264490029;66,69818329332391;17,502117012690302;44,021296927782124;13,080326063558546;110,47770944371739;24,898327527986996;26,369895791032945;15,18295069301477;38,05713303497461;9,31522863321489;35,039333058054766;10,656121635340469;52,17974449920571;18,09454505010651;45,20770466467282;9,756565200949245;229,79258983949208;52,39201947509057;101,0782908929533;14,314605116535843;178,3577791285774;31,815661823778008;290,3505025442749;66,98244966945919
011;001;Valoxy;Isometric;Isometric;semaxone;VM;20%;5;Dynamic_ATT6.5mm_pince_ratio;Applied;202,1984098273714;13,831297865077502;53,340464295284974;5,518932733093491;254,6035062550396;13,324659787788447;150,75405738647427;16,078827317605473;344,1253372668797;19,59365493109658;50,67065825918719;2,437361851784705;393,5301162926977;21,09546683875391;297,52103241568466;16,83937493611613;81,86510397626638;13,093627691235813;69,56286990345912;9,343356961468485;149,88319072358635;22,593294834856597;23,54954952810447;3,364679673084445;59,783110503843;13,085648778751217;31,26888743112196;6,520448238405036;86,7424762571833;21,476029346850186;38,490999872342265;4,965152814372159;133,25295822402384;10,663347703804888;20,074972950005836;3,3850878039236925;152,95050598015598;12,676783519176198;113,86236735396503;9,411148495978965;22,207074142582087;6,284037310740026;33,43368461706133;7,250899775210215;55,11409690276681;13,007926508308804;15,656574517044273;3,442756175231173;118,01258672159057;11,64545114806475;44,74196490260008;3,969975464090608;161,57277424216437;14,2453104206291;76,3566672977554;8,771951819356257
011;001;Valoxy;Isometric;Isometric;semaxone;VM;40%;5;Dynamic_ATT6.5mm_pince_ratio;Applied;123,02967286114838;20,938318012406324;73,15389582767389;12,551120007639733;195,39534257548195;32,52701453627663;52,84296409209071;11,984538810071971;250,94527046831348;25,965784140218666;58,83766203578798;7,589392327747266;308,99737106853445;31,974600895847434;195,72894369528066;20,12958142787589;83,82747004257999;11,017571641842833;98,61578037843034;8,738336317742483;182,07645556097265;12,530119700448525;27,572341514784124;6,317583578688475;88,69058594627788;19,724160061090387;36,820753257876696;5,680930385201125;117,07360319374622;26,085350045496135;72,40377256990863;10,209971636001288;153,82907866015267;14,546691405313124;21,22211452268159;4,1968895511656354;172,88147898603532;17,87094070981295;136,73330368487058;10,751501210861903;37,35580402424074;4,311303080528375;50,418857885122804;3,8912336398921985;77,94682325651918;7,703077438651789;34,26298663003464;4,917113600455849;52,19685089228118;14,709179714296123;27,766711424151914;3,8416780273395834;77,82515439808772;17,358039173650926;29,856646912189056;10,861062801167694
011;001;Valoxy;Isometric;Isometric;semaxone;VM;60%;5;Dynamic_ATT6.5mm_pince_ratio;Applied;78,04219764944146;18,008773341226483;53,916110600371084;7,377186418025928;130,0259110229984;25,029644690333605;36,59639987730218;9,880885476164933;113,23339780412769;23,82547976284273;38,849918054765894;4,624689268210792;143,64466757201075;27,577394504483372;90,9529295121419;21,657715488530016;103,84286353084353;24,567402164128033;122,73369805177379;17,74794235264607;221,43949029857495;43,664580942509396;46,753954684589885;5,251712097841758;101,23040809677349;35,86228050413654;74,19054183345509;6,587744246257671;120,06495465845572;40,56616036917926;93,5587918237654;22,443473377933167;72,16745009854951;19,235932996942495;19,989721240610447;3,9357008958139073;88,56986061390717;22,61719429119876;61,36006776385093;16,77996307287477;66,90661367349902;5,009919531378292;46,81163290919434;10,499732915187115;91,79364751657927;10,068928793219182;47,42250843446652;2,784396862604556;81,80411894646267;26,28308742812995;57,33176849651439;7,355413571202311;136,22873181110256;36,09768552554402;40,467287723567196;11,649421016602254
011;002;Valoxy;Isometric;Isometric;semaxone;VL;20%;5;Dynamic_ATT6.0mm_pince_ratio;Applied;61,13997458065323;17,216816937486325;32,663826488661655;8,704875155753275;92,24906350238987;26,718156993845295;33,35989142609429;7,459176488095123;67,70359918558998;11,514929846838719;56,11967829093512;4,925588794389111;122,1392246845392;12,588197670629452;29,901406581615543;4,353628681331011;85,63864801159232;15,123782477628074;30,641743917075352;5,01835071040276;107,21428295309332;16,8156042125221;68,65781606913615;12,882384262648188;57,677818241535554;9,659905981930837;40,74945787526597;8,090386303555459;93,8580317422161;16,658340742704162;30,15688838546681;3,8533066783743806;78,00873840507185;32,293858132231136;11,03292188569181;4,190152717212013;85,46554235592198;36,62443422651231;71,39078331317893;28,36705906940536;54,218944872325736;8,241620244376767;29,150815267820178;2,88995799938648;33,48318849123903;8,076457961309998;79,7068625016851;10,024705615263139;24,245607930235305;10,115857255574287;31,123979673513258;6,713723698828513;44,81405094279914;6,574829823612059;32,94829561229679;4,4953496134921025
011;002;Valoxy;Isometric;Isometric;semaxone;VL;40%;5;Dynamic_ATT6.0mm_pince_ratio;Applied;35,477531576188866;10,132757006378007;18,286484129639422;1,4860217453879718;46,90185549216183;9,816463581841708;31,7288846000575;5,068749717629253;130,3957334215221;28,16649658608718;29,907504952633776;4,675123548172122;145,57852490632357;40,9576568425933;117,03790777291351;17,164604434229993;24,82619666431596;6,1422551178614;22,186797131286323;3,1408763517299016;41,60167618021181;10,764559941409264;23,369730940489514;6,602104236479661;28,812189021883864;8,746256303021962;24,41864662149176;1,4074322912962909;41,35820071499979;11,710636229412879;34,316293349530675;6,520649100928537;39,17654326720264;6,278407881500245;21,126507053203717;3,2522084854221385;51,086335409419696;11,004267090566728;37,16887069138645;4,271421364832064;104,94509902855687;7,1878504022988645;36,22486130871027;7,598151078060117;78,20487751885008;4,051500330103649;133,4792295418792;11,41059677765343;77,43255612138327;16,959237357728906;13,911313261127471;3,3392185805345656;83,785084883313;17,410703398868733;76,8921585417174;21,940485842464
011;002;Valoxy;Isometric;Isometric;semaxone;VL;60%;5;Dynamic_ATT6.0mm_pince_ratio;Applied;56,23746872702931;16,9569324131289;53,42795842176997;3,8795554740244764;105,14092763333447;22,6008994372952;26,851836222029846;7,650999782094292;194,23166327310486;32,60940498238092;51,36166973210146;7,117547750204457;239,54360525500192;39,75521106081901;149,9075571904942;24,63500272704732;68,26796241304267;13,733003673123852;55,546298150683434;3,136434579626006;119,05758391463955;18,65369643245127;43,43432502861511;11,858115551019194;55,62675520616888;6,399670477310654;62,484286961762336;3,55089402649964;111,44338105079945;14,242943473781612;48,44276672455481;9,499343881192107;83,76587278390772;26,003286879351354;35,00951389691583;11,52077662007996;113,58829596094458;41,81385555895083;57,31412245264481;14,34949454958356;88,14067071094476;17,25778731761897;46,545931695852495;7,295149999185982;75,96749944425815;13,068114113868354;113,64195794652387;17,139617736924897;114,25798490503587;19,46570265741538;37,43118106916413;7,512709475251607;133,55118679570506;23,21848323946142;127,25997913693564;18,75661594094358
012;001;Valoxy;Isometric;Isometric;semaxone;VM;20%;5;Dynamic_ATT3.6mm_pince_ratio;Applied;41,27766733551138;12,956396821757194;15,56609334468665;3,3854593969537015;55,67295556734719;11,837343676737037;28,104027446518575;16,285870144336894;165,44962694096907;55,81713510536815;20,15662121981284;8,382666274908823;167,30289678435494;65,25504664150094;164,63337861039;50,5907055779627;36,1342921887877;8,099103877906117;18,34854460667832;3,9726660392201194;53,058418562138606;10,267588243038626;22,329145090338592;4,147181290693941;40,06589387868361;18,63561011863605;37,95105407303393;13,026314496994106;77,2943770197206;31,22354421952981;13,326356489382738;6,032874390750121;127,26633011551117;27,728330246587767;43,518786189756135;14,525411890138097;169,77939140783533;40,691133525651686;85,84387257043977;16,585885199010274;29,85959097964231;3,985951832895243;13,823335420903168;3,306743740094574;40,919770188819314;4,806662896766147;21,28995996987338;5,780811894779633;20,508115226988966;8,903865056352233;19,67445408995281;3,803528170560249;35,072618110172854;9,519837654272091;20,27521407012703;4,251779985266073
012;001;Valoxy;Isometric;Isometric;semaxone;VM;40%;5;Dynamic_ATT3.6mm_pince_ratio;Applied;75,80819093322084;20,42187945695917;52,72161649029679;14,952895006266862;127,75271593341704;35,54268086421695;25,234780031167315;6,003625704331296;206,40109315042213;50,40216952448689;37,42119967343802;5,278438139074184;236,27814068699436;54,06939169616564;179,44319983672045;45,41555626779722;108,70876916490707;17,532664725104546;47,817464407252146;9,7616269193333;156,29803076793596;27,279162398427175;63,687159777130844;6,1321433345918654;71,35973300404294;14,267287595335395;51,76629662831509;10,181864439458696;121,04285113956216;24,77762605192604;29,114719846686718;3,0708632377827154;244,49682066129336;45,868847342401935;54,9629557417786;6,22480415959726;297,3996331343095;49,53957025980617;193,48179370429756;39,90553364793194;99,49666901885928;22,925784421504822;34,65914003634187;6,3353576310451025;131,24536227309113;28,3417776945192;70,11909266987578;18,7370682821256;33,85747058762324;9,345148974370959;18,53950563077651;3,620900465640865;48,54819297240517;12,733198463684385;22,66028104397252;5,846900909284216
012;001;Valoxy;Isometric;Isometric;semaxone;VM;60%;5;Dynamic_ATT3.6mm_pince_ratio;Applied;61,13167112591445;11,284729148889149;39,78211115230824;7,3774158750683085;98,3240600955917;10,121790795019493;27,31685680382043;16,2599877431866;185,57654515318572;49,19348469485146;27,8754840951028;6,387793194640621;202,0829673184991;45,34192815312762;170,45093937466314;53,42273486741867;93,79746098095464;14,79952937984299;28,99990637196626;12,35571857439174;116,96885054604505;18,5628150463904;73,39459915220672;11,00865296913349;63,12564613756761;18,733610943575346;42,02788466593337;9,358854496475562;102,6318135359159;28,516383594238658;34,005371688172374;6,811083533919756;235,52647630121697;11,128128782251457;62,99290488056793;7,900510086280688;297,7558849011185;10,95265361407176;175,10834013612367;14,196027533048044;105,70956239465352;11,355013727482323;47,0047419753427;4,290124034146892;150,90219688535544;14,66688352569732;66,29341518647679;8,625444397007984;31,177528382338846;12,635171190381893;23,653700595485738;9,457925724755217;47,51388968838911;16,089045663161215;25,627098097472196;18,89077404788013
012;002;Valoxy;Isometric;Isometric;semaxone;VL;20%;5;Dynamic_ATT5.6mm_pince_ratio;Applied;65,40570707061174;9,186988759705203;52,023937646298045;6,02287560567024;116,71921982150431;12,026424455701557;17,372175141631146;8,890135328554468;28,187807835503683;11,021339482805786;56,083145769261975;8,529914993647322;82,24153698495907;20,41479780473899;37,71296584173858;3,9431014983206625;68,00851565382281;13,1009713651539;34,18922767120795;6,7253736492141005;101,88723850133601;18,528001878309098;36,307682679757576;6,585723757783374;22,92063393842488;8,417735997818117;61,425122924798416;9,055730647993501;77,3194070183519;20,62379733583784;53,35485322130292;6,849893474229779;41,83764199842436;5,824558859732924;15,642629691894863;3,4864075151714653;31,993430307303562;8,472666047842417;52,066515552034346;4,07153200240861;23,49971500541347;7,556383231871118;10,418872866701356;1,4334091305610128;23,682663316111935;7,972218159038048;26,7374418878577;5,337672689892741;57,79957495875095;7,332172883406872;21,07337729460024;6,051792238727941;48,158447505592584;8,683408475060318;69,46061850995343;10,352955839772351
012;002;Valoxy;Isometric;Isometric;semaxone;VL;40%;5;Dynamic_ATT5.6mm_pince_ratio;Applied;52,652115169815524;9,481626544813059;55,009188713864035;5,349626405948831;82,40519208493528;13,415935801186635;64,22130682361136;10,02349243811025;301,95509279923215;45,20188561119659;97,53194237379716;14,129052779133374;395,43770310180446;58,91940225422912;215,16775236336957;30,347161503336196;371,7284138248974;17,903140453086515;108,08684303592368;2,5714854903684583;478,6801145665936;18,81968521787964;266,6669399284707;18,435952873886773;239,15694349976502;23,791506438572085;53,25511151999158;7,712914084525068;264,56316419417624;30,37668322429889;217,79308370834332;19,889173502420114;41,13565443292768;14,349211965371259;48,13801738935881;5,970297967064585;80,77401517268021;23,087770238777203;31,944532260911718;4,117888737554647;114,49349111509976;19,432199313772237;22,638270410573476;3,8259210968895583;135,24908097725898;21,20333100635965;97,68665369229107;17,335288002428857;258,43546848450035;32,56594030625605;95,81256661632641;5,605664868281317;351,6428981132381;33,53750598688653;171,39417900213022;30,12161530773317
012;002;Valoxy;Isometric;Isometric;semaxone;VL;60%;5;Dynamic_ATT5.6mm_pince_ratio;Applied;42,23742116925529;19,352156074604665;42,854714150215614;6,108821637218687;52,86555723003107;15,956723958017385;65,47516209097702;14,627742612060477;241,32084386279848;46,896928873363855;62,86319882423318;17,8480151321967;300,6755841301785;63,97255406610437;192,94227926373702;31,58401777559758;309,71258718642474;45,28374663358381;82,16885042966109;14,782258359965681;390,938882435143;59,29699559558237;232,42425679583874;32,1415324617758;189,6267200851618;19,74931714111633;44,06263663680185;5,213769803594844;189,66695069934838;28,707597446598115;198,61197885345285;17,179677424144575;46,921989640520266;6,833237910182912;22,06757777419742;4,710691952678307;37,106041550893146;8,446320124318618;59,121769556826166;5,905410606963703;62,2467859417074;25,18169370711613;25,364738176751196;1,4699258805747113;86,50487238443756;26,76002145766921;43,11596735336278;20,912720995161415;325,0133612019213;56,13114402508104;129,66798721233235;18,89314408195534;451,57428068034767;74,05258018779331;201,36597880588906;39,706568876847186
013;001;Valoxy;Isometric;Isometric;semaxone;VM;20%;5;Dynamic_ATT5.5mm_pince_ratio;Applied;185,1789973167243;64,27934319009543;48,686262192393485;18,746260669973626;229,43763358217205;84,78485812356602;145,6796813340614;40,81668369498298;318,1846159641868;115,40259718181971;139,78349423998034;34,57327042581382;456,3890908430076;147,05745469283536;181,80046183898372;85,36788057427108;788,5902351167525;229,57586440447756;235,49915245456387;74,14601584396104;1021,1477889377566;306,4787502254739;556,397052766152;152,86141217349052;187,98382321887806;35,39456745898588;46,7258364546244;16,16292875813843;228,1432285513566;49,31549666549397;160,0084390288586;19,617238447720617;79,84839626870527;10,574963582613671;13,663050924446605;4,622692916352718;86,46865244551392;15,353181710531977;75,81103356941195;9,28720894531683;100,15586639521356;14,017582569376943;14,78402103017461;7,6367037169000564;104,81226165551459;13,748060316626646;96,49468307257061;15,888049009308933;541,1842938826059;124,41730316476709;87,34853609228153;13,532529195688571;544,4670538990109;148,91883321856585;551,4659670282321;89,60786961039022
013;001;Valoxy;Isometric;Isometric;semaxone;VM;40%;5;Dynamic_ATT5.5mm_pince_ratio;Applied;228,35234759230184;41,14484115851727;46,05399901038673;26,79960201440602;274,38241885543374;66,95507300133606;187,28096370040572;13,074182100445901;109,85121709875784;23,012028776412034;88,76318575848596;8,4267381818135;198,56672142032681;29,07375588463225;43,89277002410931;8,830157571679258;348,2330834175099;71,09285063835024;86,57746314621475;10,681579340113672;432,79990462254545;80,01707194129675;265,2856204480811;61,87321745102039;176,44214171102448;56,235585955239884;72,07042706142138;12,999290127405786;248,51186080033386;68,31039409499515;106,61046804407215;42,80327640869656;49,62096106072506;18,77677397472649;10,671500892464397;1,8601086036687817;57,511036633520675;19,330568304687805;42,411459839044575;18,287175503583256;64,7063590187868;21,61544482177909;20,780759944415507;13,899587163868983;81,73970135001338;35,80464362106911;52,00978827487527;7,711404814336685;618,1211795660513;110,67254403130926;201,1012911510258;36,26818265678024;500,04181771334515;170,41210598082608;750,7542158983975;45,674873024880775
013;001;Valoxy;Isometric;Isometric;semaxone;VM;60%;5;Dynamic_ATT5.5mm_pince_ratio;Applied;176,32205863429357;37,4145107425233;85,06859954744155;27,431457625351424;198,53436664043005;66,42784746717072;161,5177318350505;12,899791754656174;226,16955278776953;53,02998201311382;91,03466380874958;8,038209616064465;292,86787967567926;65,11188672799983;177,04188066269248;34,28524346725779;264,6080926601208;210,44550449686687;110,60178674775213;51,415516834548704;369,5366748333375;263,18269864595504;182,33179077208948;144,6688483215497;161,66061253619117;57,86998481494401;41,61806228153091;9,947797787283944;199,50092077694632;69,20411948343974;125,85377770938769;45,19375154280306;106,10146121280377;13,754562140731712;20,28151576556632;1,9106941807955058;118,5253295549608;19,62107906955198;96,29824348266527;11,8108695996513;45,53428419739798;22,003269532858074;31,546706521241447;6,802769348413062;52,21545332501412;14,261990116363322;61,662066379219084;19,4041413483769;398,4554083267652;208,98910929811336;145,87213156543166;42,03657522128403;532,6288870712458;248,09967156481872;273,94621017598786;167,72442551943095
013;002;Valoxy;Isometric;Isometric;semaxone;VL;20%;5;Dynamic_ATT7.0mm_pince_ratio;Applied;31,35450048449245;14,033271939862274;15,833431714508787;1,9583351483227598;36,3111866232348;15,829967684624558;31,686548321686224;6,5824760841790075;47,17624218383455;7,909376186244407;34,51080882989428;4,227445080145752;79,86712341132473;10,893300877854397;16,906652710542645;5,941025568714292;42,45157727201176;9,455976938860523;28,801111036648564;4,499206187917219;71,05413522757759;14,016149403370504;14,279031767148116;5,022265419720207;54,39768287939977;8,3976851723661;23,586963369233786;4,644081178100054;75,68761258877484;10,703809543541187;38,22431688714145;10,86085987377203;22,230398820396136;13,312636230095812;15,127384637324093;3,5512431398185864;33,81116185054485;9,969639211782871;21,424446376982996;10,646002155290684;52,41378018357043;12,057600247230162;17,001842111726287;2,2152899061765776;38,21769292378875;11,272134387790883;66,90191107067658;13,449591633965374;164,35047959162844;26,752164014141073;72,71250346280598;7,317384409493685;94,54786364041999;22,37057592124664;235,43754921356876;32,53799664186615
013;002;Valoxy;Isometric;Isometric;semaxone;VL;40%;5;Dynamic_ATT7.0mm_pince_ratio;Applied;34,79239231667959;5,889756362108553;19,301673902513066;4,839784199862479;42,64940712795498;2,74955792349748;29,74827287568287;8,941689962936094;69,91311872414386;13,20662778091022;48,781424131954545;6,980902702434194;118,31431069613784;18,9358390901443;28,301080012659504;10,657158785572994;51,04878375269425;11,65082098692073;44,79541476474716;6,271174358444508;95,72144244035593;17,58483423339611;16,783139144807834;6,126121446617231;81,06886019378507;12,831945259294677;31,306192428950443;9,28836402490454;105,85597205729638;20,15858600732599;65,10480054200664;13,014948503668487;69,53846913811961;19,022009090603415;44,077191392776626;6,54648882638302;109,54196022680716;19,913709183712175;35,88267900625729;15,718771319919622;45,789328818367395;12,435859159228473;37,687263160556476;5,149492451023136;33,29401711977779;9,660340435833877;77,08428364979358;18,15859429379056;213,13712490329613;25,095967451267875;103,47043394004697;9,567375095003442;130,4191812611657;22,76648971409227;302,5552776016257;26,912665911768645
013;002;Valoxy;Isometric;Isometric;semaxone;VL;60%;5;Dynamic_ATT7.0mm_pince_ratio;Applied;29,65264793812748;17,470676410766774;28,920901011437195;7,632444866983653;54,3185159961392;25,42950237020382;18,547559192098976;3,835424311087279;79,78638043884837;11,53485440562205;59,424829544243266;7,248566756532922;137,5336619951146;18,3981421450208;43,097131949841796;6,294000419240181;69,95227650434711;4,824571888540655;52,64609371969516;5,204289813597253;122,48192070526746;6,438796698147089;23,08844711398986;8,790348348800888;84,576510741751;16,899134186358037;49,40927527782577;3,483234375040122;110,4632158988826;23,399971026938037;85,64596318719695;12,33173922547261;82,55207952697188;43,258260185059655;51,62097671476418;11,472598496278424;125,36479273276859;54,53522296369376;51,87597734336566;25,316412440219754;52,34085964607675;22,993693062418714;51,24679357982237;9,947698949315503;55,96639103018746;19,66211086291728;83,35957027571615;21,51704205466942;190,702619257685;27,22797162801194;87,6337729261164;19,86401491227479;129,7754141597269;15,170414468259919;267,9089958521846;42,72413459160289
014;001;Valoxy;Isometric;Isometric;semaxone;VM;20%;5;Dynamic_ATT5.5mm_pince_ratio;Applied;33,746310507324395;12,470344406379555;10,72515719279734;3,8675440271645987;43,065352080077524;16,38042068062134;25,813824646877162;8,08444621937006;25,98983953786785;6,724730988230181;22,404391247522547;14,252156039942642;35,69151952970749;26,45973933121943;27,061136579873015;3,1329278461256393;43,480299521163104;25,996531912077998;13,735918029412721;8,151389754910534;54,717809638192875;35,527808080147516;33,29211808034365;16,277411266553976;66,40944661369286;27,40700642337076;21,94663700767166;21,29380193502021;84,59978047908805;48,695815923259595;53,76867450864969;10,732221928014665;38,30291937687528;6,391969228492271;11,648650372597658;9,149641722248594;38,24029030846143;11,259991421017238;42,874563186200824;9,254047836763794;40,87179668318261;8,069060024519366;17,57976691338148;10,164909148114981;55,86196339740978;12,459822715931775;28,41545315888708;5,262399542525594;204,92324772580915;40,405105440510624;56,90717979632922;10,784889339085264;260,72398844703883;51,27472186360193;149,7483875862948;29,541663692075602
014;001;Valoxy;Isometric;Isometric;semaxone;VM;40%;5;Dynamic_ATT5.5mm_pince_ratio;Applied;35,46003960389449;6,372364943018559;15,651623510126305;2,291838190755469;50,892272811492205;8,566289736497344;21,23353252066162;3,821062237287056;30,530902222177463;5,899895104129833;23,80570508840127;2,9323676904135825;43,49616083741051;13,997502079780093;22,79514354996318;4,81150314785933;31,005563360876977;11,89941159629763;15,181050408617306;2,55127108533932;43,313859425139945;13,992150810826892;22,18215988161819;7,971820355999199;66,37169800279224;11,399492230761902;21,834184702863585;7,792368871069376;86,09994139448322;15,224008761162652;52,17670503709716;14,73412376977264;20,716743032184862;4,400894153244631;12,566484680757137;6,855464366376271;23,803941791283563;5,196635760204538;27,48035603297806;6,383002414301229;38,04711124755629;5,825947064507667;11,4761130285218;0,7406008326918223;46,86376514365689;7,108982100011573;31,87699657787673;6,078238149184129;129,05984055569456;34,41112191997592;39,40330555449554;12,223191930455148;165,65322643815335;47,885117331238014;93,55700368378466;22,070268105476245
014;001;Valoxy;Isometric;Isometric;semaxone;VM;60%;5;Dynamic_ATT5.5mm_pince_ratio;Applied;66,68661372921166;19,266349455581803;26,08938919053196;6,800511885575306;90,9777279459032;25,099399869699802;42,997647341449735;14,933776410636257;36,325557998425595;11,503750286816217;42,54193182735677;6,360062642729491;73,83781474062934;19,30112063374259;26,194456549787123;8,451531736416177;49,63053386751801;17,60931994659279;26,60730028125327;6,602971807357903;72,8643481964508;24,45538734898609;28,853438848650235;12,20313153820283;75,60259393296903;7,593837926548687;23,994627278403325;9,435492799000397;98,34818704033987;16,6941972834252;53,330622568041136;4,3060506068701265;29,62285216043359;11,819320488020871;23,13884608254625;14,592851372822825;43,28043645320166;11,991150803652943;39,79787739476869;12,032971072382495;60,59085742519064;3,529233041595228;21,54327693777562;10,89941167030633;75,82064207482937;10,312092934694807;59,14158922182499;2,5756726775635745;85,4753837498856;19,268658494930346;31,04366705759698;9,213194500423922;99,11764039240525;21,445606513532766;80,91322167313169;12,465277474922765
014;002;Valoxy;Isometric;Isometric;semaxone;VL;20%;5;Dynamic_ATT8.0mm_pince_ratio;Applied;21,43286857188176;7,283415658686794;15,06518053386981;1,6340245783239646;33,24966934687361;8,229878666429626;15,4141153847844;5,670840426998464;16,268895828750285;4,867690714019786;7,149822477326715;1,5568127254223005;21,039296814698957;6,731007964782793;13,742506837682324;2,4421940360766703;16,425232535915974;4,668164332219073;16,387595323368878;2,748644655754686;29,272255263533133;8,354162695611604;14,266434866414945;5,3771706433105715;17,077599586025926;8,89461491873269;7,860353395473048;2,2006847475766205;19,31806597674902;9,864390755481857;19,869058997826723;6,805165367411062;34,77761388448264;7,575409835269059;4,140199638769228;0,9301255337805461;34,85361698212027;5,60255173127781;35,33435676807589;9,251617229995782;24,953186743484554;5,311859245269141;4,409448903118498;0,9459079270969528;25,755244384702042;5,2458396187066425;25,8669911187975;6,402798520677403;17,537591373030857;4,448226221570649;9,407077394218918;2,1821247394797285;23,723375308151276;5,734327137013786;15,552926865489065;3,3159696022763216
014;002;Valoxy;Isometric;Isometric;semaxone;VL;40%;5;Dynamic_ATT8.0mm_pince_ratio;Applied;17,082562255578235;2,3401777898872136;21,244672981855405;4,1839088955064625;36,56391180444096;5,951059964795307;13,579442881177272;3,202291941021669;20,352772713467157;4,718385600408161;17,349016724602954;1,8258456246097565;35,37024095074004;3,8685771871188277;16,21108102436014;3,9544420994098433;21,22159506333267;7,50220774378243;22,438080976810575;5,049594441888096;35,77415039960098;10,469636066286979;22,690256160993663;3,98649338552911;28,911465176213806;8,098615573220721;23,02555673120895;0,3377903112003135;29,536940305851783;8,841143331740467;38,61169871680563;6,68033914945817;49,833079803745264;6,7428031399029615;11,812272064264489;1,3906391911277753;54,674922706092346;6,4965584673629;51,76735020206636;7,194952346059667;38,06518809101313;3,9112820699951536;12,980922157164025;1,5015228155859404;44,33539871397138;5,174445662409356;36,722089867802325;4,955495343376398;23,84594724783708;6,286641009740646;21,999757316122448;9,96566418435057;36,26632711541074;18,996512636736103;21,994396147101543;7,686542162718109
014;002;Valoxy;Isometric;Isometric;semaxone;VL;60%;5;Dynamic_ATT8.0mm_pince_ratio;Applied;26,86271130109899;13,747005572576947;25,97403920683633;4,915774900272815;49,315840421468245;15,544181253610509;22,37545727384702;15,966891635396752;25,750782520974536;9,525548798608174;16,810968686739375;3,4051479239419007;38,02386113038669;5,0857174012212445;23,98378630913086;12,815120053314182;30,140685949011164;12,390347957184849;28,19402018952053;5,546308836319941;49,72194113491132;14,512510144395529;24,621548621379144;12,150805551091203;29,77208655582648;15,306836777671887;19,06099648201191;4,1293782207018515;31,613983183169744;9,784511403975182;35,136333133451764;16,31582219633742;55,88493825856339;13,82734320650699;15,99722526376604;5,911573919724492;65,890799977193;16,788017955464557;57,254525096143766;10,577223484601507;40,517837425841506;6,216818736166954;17,25458669380503;6,053991454543925;48,03906973074817;7,303731168151408;39,04086052597536;9,544024792667459;44,69811757166484;14,052269111943723;31,485195081766175;7,4948042201178;68,65888992239728;15,342630155779327;37,52367167505357;16,968900135262153
015;001;Valoxy;Isometric;Isometric;semaxone;VM;20%;5;Dynamic_ATT7.0mm_pince_ratio;Applied;22,27502991426031;3,459839974722446;6,466016566241862;0,9954060346098181;21,531835679517044;3,719624670288436;23,80415350835669;4,580356135174338;17,980969717833204;5,311621388716927;9,728623377819293;1,998755808216393;26,534434521148995;4,8657347485715245;11,387618812112914;5,867010136291991;30,618093412192792;10,89361464811742;10,138119349707658;1,4325079091818549;34,654434550678225;11,967785920156969;28,118055649002258;8,98680706914212;38,378909999127416;5,250410194558451;15,722526915380698;2,7428504343474582;53,247145704411466;6,127629731261536;24,59898684206296;5,613785920799903;17,822802795632832;5,615056553338187;9,35458300426468;0,9563302156391753;23,575886936916312;5,8556915072869185;16,41100310354348;5,145325631831141;20,774425571490447;9,214888271163266;9,290923781427214;1,915270897658084;25,208929609312825;13,789441219502814;19,207620374671276;2,659397512271605;15,792380514634928;5,50043636566758;5,377553779559503;1,4074530403077938;14,261529896289161;8,03569463430879;18,177015352531527;2,708030579118808
015;001;Valoxy;Isometric;Isometric;semaxone;VM;40%;5;Dynamic_ATT7.0mm_pince_ratio;Applied;40,713020245804536;8,932927150766185;7,557248332172824;0,9448378641834548;44,90628285046462;11,046317399354576;36,543989255045936;7,674282330974974;47,35132649059802;2,478078220061445;11,138928408492905;3,592423147932965;57,44158295858235;3,8985487753842145;37,2837008615715;6,301439894879794;55,557969840671454;8,718429810071617;19,630091601332232;4,440572375807614;73,69143717450245;12,489887557222842;37,79399568313163;5,758187976375036;61,60322420704382;5,583959659702322;22,220421404187277;6,750481222944767;82,7720976021418;11,549691760833422;40,616046718943814;7,681415143441417;33,15080544243962;10,819820645423164;11,555430454328597;7,506355488897009;42,9140309845094;18,694026619001356;24,33494460340696;5,561774591599182;38,39735785101302;8,537556440335573;12,554775839795273;5,1931725437808725;49,19332065937192;13,551848040409913;27,945874623052998;5,656561355211329;13,986533866493687;4,377848882597516;5,009641853933845;1,7399315922457834;13,459826701212853;2,391249013036716;16,348847128837836;6,4772829247763415
015;001;Valoxy;Isometric;Isometric;semaxone;VM;60%;5;Dynamic_ATT7.0mm_pince_ratio;Applied;20,844881894647592;13,954054545452623;12,949360725359108;0,9405448031529822;29,270153154034016;13,92735698105469;19,391116347656663;9,911530246818415;45,43764979785473;16,03276741386592;15,24887165339943;1,5241587062082493;59,99075882771141;14,101842235091741;31,803866986433867;17,179692094783512;35,0734986872108;24,083080977790235;16,543415591499194;10,076917881692859;47,26439380304667;34,898690975100145;24,297864524914452;12,565530279349524;61,38680578218216;19,158327210571656;9,791526032793428;1,659685248390127;67,8250918502875;16,26403837754681;55,017909198700366;22,14904500511964;48,16427132952071;27,502144405711338;10,994599051341728;2,5928830448685716;50,52967112083831;25,861334602006067;49,07064956799843;28,905910264892583;43,99502837370257;20,80161298145493;16,95468125834674;2,7596178837728274;51,34327571965066;30,46976970686598;40,1413409307933;10,267011892232299;31,492251981133258;9,239256534931137;17,584917610046215;5,312269258316946;48,5228676644838;14,298533052914928;16,729328855684248;5,438084128007701
015;002;Valoxy;Isometric;Isometric;semaxone;VL;20%;5;Dynamic_ATT7.0mm_other_session_fallback;Applied;21,992494024349345;4,219175832992598;7,305924740141282;1,0508430527225565;24,198484369283648;5,829968754771908;19,985377402331864;2,4616360564713653;14,236562081925126;2,401182427839147;13,91079265721161;0,9374790073145048;19,986819449321565;1,4119225495613628;20,755308104390792;2,7419867362766555;18,77518603115616;2,7699734112875247;7,642269346239933;1,0166215884638163;25,985646197876168;3,7480900798168024;12,554274111852475;1,9099571873800871;13,320609019701369;1,911841544825943;7,142916430773508;1,0425409672684391;19,183382466545606;2,991214540852077;9,246122572759617;2,0268255583732233;9,225859295834907;1,0914801140113164;2,7512004264806884;0,5654107360201024;10,54491487994851;0,7478297514272103;8,399834682722169;1,7108630171674137;10,854389916209922;2,882225595521601;6,2239537458413965;1,766873975937234;16,20841118453074;3,2724447528101424;8,00114503134515;2,908468248997195;15,24980916306826;1,9547806823097336;13,860424156760818;2,3690331233435735;21,376544899922386;4,994354860929595;19,86872121153053;2,1287148794590496
015;002;Valoxy;Isometric;Isometric;semaxone;VL;40%;5;Dynamic_ATT7.0mm_other_session_fallback;Applied;19,450492704725395;4,490219825920773;11,368620345778835;2,3593447628864745;22,018972494520916;2,3391660654421287;20,2801343477007;2,94204442294518;12,162621961496502;1,580785360488065;18,710168307494065;1,9776928191173637;25,23592961710524;5,458418547835955;21,24451850843909;3,7612855027521324;21,479447191034;3,7771138661861223;7,9664531716112865;1,1583221319322676;28,746843841652627;5,135689438566739;16,047153094123935;2,1684726170208113;17,057434200617877;3,6965713105515565;9,386538148803911;1,9735371189536222;25,83681570039094;5,466329224239342;9,270165779006865;2,3542948241896204;14,858521238946361;6,205822275434431;5,296742498626521;1,5149039792033758;16,98748491822717;7,629891857865526;13,940919158628242;4,7440284098188545;11,320814872903762;5,812616168266513;10,263385541454465;3,257958397886342;20,418153097994;9,478388293460602;7,003484262895752;1,9247573213938605;22,758246634161146;3,267649636446302;25,186604243779783;3,7734303712513584;32,4151616992915;5,360953929231216;30,79333666998938;3,782517992377692
015;002;Valoxy;Isometric;Isometric;semaxone;VL;60%;5;Dynamic_ATT7.0mm_other_session_fallback;Applied;35,22823861869226;7,938883138646138;16,319322985901454;2,7412792334224303;47,31335641898734;10,726434529162562;24,445283199505337;4,2039630463289;20,434971489623074;5,008764906082424;18,059468732438003;4,140488986609707;20,661785428576135;7,754211711537525;26,132565095668717;2,5884423311447438;34,93077479642845;5,87829653136532;17,570435465446476;3,6391830487701036;51,92423401511511;8,699045945052143;20,862710878899065;3,425371087471626;13,860801518235636;3,925934376122181;11,52025633582026;3,3964202434790014;24,11442213266232;6,1859109707850735;8,279303199341488;2,2722776781821863;16,740938023915913;3,6157567282938974;10,454525086409173;2,418230377657374;25,532571836605946;4,988529540359028;11,238562849331814;2,2780408986991727;10,952508049632039;2,508687656311342;10,582592174040764;2,913570000192417;20,756576697108933;4,9007316640091;6,733485607901892;1,9756830257997504;41,984614995628796;16,472648679152318;44,29329564701767;20,762324609399272;79,95063447256882;38,94707194661719;22,687556324365545;2,7145155057952097
016;001;Valoxy;Isometric;Isometric;semaxone;VM;20%;5;Dynamic_ATT6.6mm_pince_ratio;Applied;132,34618851567703;74,22163406987437;37,01342088229435;26,911848497900312;166,0146990674637;103,37911127532578;100,35862098576582;44,914979795216134;91,58299442252671;56,96971159594981;107,28827393892236;71,46989849658635;198,49913489637402;128,64636677073042;23,788559521379558;13,10935425163337;657,8766486444523;253,08624500766877;192,36370110334786;68,05198100820152;848,6220939408906;320,0898147770686;469,88822686514897;185,40451628884344;195,80181377717358;94,06172259433541;98,79461538916121;66,13224944562003;287,0217079544103;166,49355945385378;106,48187779812051;33,494715992796536;74,43155875811483;28,393308847143963;27,178900899070953;13,091761813302448;99,81274104897771;41,01186036576817;50,24466974313914;18,42782882568354;29,78447825130677;15,26510885857592;16,544459241300995;4,549019594648934;42,49806323081374;18,1885809461023;22,278749024699227;11,200479338888755;362,39263585944;144,1056692531921;77,5669846565136;17,200083298298118;438,88888585651404;158,81253510079128;286,8883294793718;129,83853343104934
016;001;Valoxy;Isometric;Isometric;semaxone;VM;40%;5;Dynamic_ATT6.6mm_pince_ratio;Applied;62,968478981293025;9,744471452792883;22,452123615262813;8,767426395398523;74,71326354441376;12,192076545074027;59,12622326441319;12,634918262086021;25,546485104633994;11,001175230785853;25,708390694026395;9,196168164232049;48,37503474700516;17,022559790415485;16,72851758273892;5,539800491784366;211,99944427031946;50,02404845269446;59,04997179691723;22,596388701487875;267,71598024450867;67,38974935403454;158,8854347586626;35,05774141690986;111,5991203311132;13,707600851848667;47,37123115660397;10,46010129017645;84,76523778491337;20,08820994971509;146,3186489976111;17,595411733146346;50,61884726528367;5,556342406021457;16,41694207665911;7,234075331749039;65,43512711805394;12,533180037608306;36,30025665420597;7,02347184860048;51,20774512944894;15,941961540646382;11,872145597476964;7,152082513794623;49,39032452398665;24,853708455050942;53,82778366708631;11,207332998382883;124,36520262571435;40,3488130055251;59,84241510761533;11,024017030788505;182,6995008048346;47,91432908444319;67,88437540862887;32,68515792409344
016;001;Valoxy;Isometric;Isometric;semaxone;VM;60%;5;Dynamic_ATT6.6mm_pince_ratio;Applied;95,22651662816415;10,499907716827792;35,71674742152231;2,5331683318720284;118,53839649647375;11,03400219746579;76,98738399615989;10,095948826350478;53,761909150498205;10,013453073457878;35,81633663937456;5,912194109505637;84,3504328594081;14,086554386734564;27,804804683714234;7,729347556216959;150,57384831131108;64,06120926635622;52,992248439780916;18,85727307696778;197,80661564491777;88,10811113356827;107,6396999579548;37,461280836102716;128,79279739250447;18,480608898302577;53,06490250199113;6,017591631868957;109,31009943710403;21,486730234919403;150,64983151822963;15,330952646330724;37,873591559433905;5,639560794536555;15,674798889916195;1,5759753724861325;52,57521753759444;7,7885698563802865;24,52725988490794;2,7275416248778876;58,417140597032336;17,339416082940435;11,726746347178771;5,1962473279377415;59,93318725229877;20,264727866012738;60,28113864595142;15,425284175250734;77,92410761080616;24,2338373762049;48,15685590607454;8,754178901728556;122,23077700263225;35,070887669434036;38,23748045189983;14,994618202019343
016;002;Valoxy;Isometric;Isometric;semaxone;VL;20%;5;Dynamic_ATT6.6mm_other_session_fallback;Applied;175,15000063398998;21,005364766686473;11,3242575679656;5,587637197044834;184,1003379290808;22,75012864327808;167,18629352600357;20,161008631085384;134,73966439174302;20,23380963203627;30,87073319929707;8,448401453070026;164,42875632450108;27,024800266037598;107,82084113435124;12,544901823378623;15,560201767450796;9,403930400409365;10,284995617987656;3,3451607750528973;22,39841831189613;13,9282842324756;13,546458114207729;3,2360904853759114;18,955503645154714;13,938638497845641;13,712134311977215;8,407345770734764;31,00015792341684;22,478317971285048;12,836993868700455;2,466859338304774;26,52681998888887;6,72206362392503;9,16044956480243;3,098315222773951;33,399254215874905;10,73489211303686;20,675386699170065;3,170909190195996;17,280563164247116;13,23610414882824;11,063711326367324;4,16217306004706;23,5485628531572;18,27923825057833;14,34946083792325;6,772667385388473;181,51527221492708;26,35425508719527;72,9212701862288;6,017042629008222;253,584683450226;32,14562316717229;111,34404239378075;17,861378407217725
016;002;Valoxy;Isometric;Isometric;semaxone;VL;40%;5;Dynamic_ATT6.6mm_other_session_fallback;Applied;224,6707146064085;19,5906855860202;15,873835784182301;1,5675867552536207;216,4308411939881;19,423003026825075;233,38841987794612;20,38229732267847;196,7287384210454;23,6165742110703;34,73734975137988;11,104183923615878;230,57837952769074;33,81018439010312;164,6124317210742;14,967670576823041;19,410543402011076;6,62358748094787;25,5155476069078;5,4342530618165785;34,50339746221769;8,71856835975373;26,113592489013097;2,971227208875582;29,566343489551826;9,426598854564682;21,72817618444183;9,155797454924134;49,616826674183685;18,77176294086316;14,40309799126739;2,692565666761623;15,434474481525433;5,722866540242284;19,621766857471556;2,997644578979029;29,516093316093624;8,11908044749424;17,74890142960966;1,5954822226209986;32,03830623700663;2,838395807624084;18,94754701962251;1,9792993265134249;33,53825646973419;4,307509997997439;32,7442304073189;4,947145493002446;290,04191866480096;39,78490200517301;112,7072588812891;10,877119571649875;402,3475398910494;50,06059188774211;178,22578040557408;29,813799432259852
016;002;Valoxy;Isometric;Isometric;semaxone;VL;60%;5;Dynamic_ATT6.6mm_other_session_fallback;Applied;212,06458265629516;15,31243551030194;20,165469170630608;4,441802535260385;211,11462291610596;18,05637496200303;213,87343052376286;12,870862373565835;170,0881606056117;11,531177432691043;35,99488347666223;5,392736836190828;205,68275456304272;17,156670716525888;141,76841580183503;7,798912238101634;19,935724986957553;2,4584027496326737;29,509789392347653;2,740180223167904;44,8876074124246;5,281285206560233;19,376285550375236;1,5457751173811627;34,20702204812017;7,356426347878363;34,75601355623162;8,336112355280312;66,6074347906101;15,013066885655492;12,601111996550028;3,4346296095123847;18,591951883420386;3,80727268635311;21,3593695202022;2,1711892068775325;20,13837048288708;6,131071837426164;32,642681195746164;6,703703472565154;34,93115832541663;5,099135624259095;20,726053110618093;7,512439696201604;36,06472994162964;13,136469963455875;41,25547998894531;5,207024399477747;201,69823644571426;12,400618485239121;91,326004429915;5,957945475967905;292,5235817888024;17,716053354747444;112,11502034382329;7,245478586855434
017;001;Valoxy;Isometric;Isometric;semaxone;VM;20%;5;Dynamic_ATT5.0mm_pince_ratio;Applied;353,3993748664845;39,67029903953361;87,0535161501484;13,995809484688406;439,4360205798107;53,77550896013155;267,37155859106076;26,39419629718222;84,8404915304989;21,07834546328402;125,38301456900274;23,91407284169532;209,49136966308984;44,98693161891809;54,19464269755743;9,524432778527752;774,661893399919;74,15404601994456;114,06728839463908;29,371230476378628;886,3520016141772;93,66763978453646;668,9145105745195;67,86024426751632;162,9228712894598;19,674759746310762;97,80912206661512;18,189259650865086;260,29189424601753;34,425880563211585;69,97969274272859;15,348878454603268;168,09157000129835;25,838227974142207;69,13019297671651;4,438785496047651;236,58526955865878;29,979390513353465;111,03943506404482;15,464757713548448;188,3354860738894;42,970315072526546;47,03100844611423;20,340354402737823;173,50108952770103;31,178021712436944;211,82348516158928;58,64539383675904;791,195800069289;74,51147726160457;78,03925226847028;15,596719374651329;776,3649564975785;100,54580765760237;816,4327128987356;86,5836285639147
017;001;Valoxy;Isometric;Isometric;semaxone;VM;40%;5;Dynamic_ATT5.0mm_pince_ratio;Applied;232,35793677656085;27,24038002403981;52,35444626726729;8,552733875779452;283,9555689763862;35,77584242985315;181,5715922771812;19,226838725452083;125,83801035334372;17,635192753713802;117,09966726299577;13,272358341392552;241,99717504027026;30,20669645179675;21,581675427432334;7,253000119148237;692,3124491081534;79,73169594808347;163,29017667093964;13,504273759435268;855,5953054744743;91,63956124829214;529,0655193164008;68,40615700335111;208,79761261181847;11,654478633473731;73,98796924493085;13,020749435273428;278,7140837442573;20,04673689118742;141,2084151866812;19,482614393258697;120,00058486058428;13,087520657904301;62,9455308147764;5,824089951427502;181,5129888733946;18,56520140558295;66,86467564715625;12,258317387627285;48,814881853488565;17,63820319775267;58,603428648718264;20,55086560007799;96,54031550940613;43,25242740872573;50,63818176277685;4,652377247290453;924,7002445143892;65,00963690476999;205,55389083335655;45,242274900032974;1129,2902862310373;103,28323084858299;754,1230994992745;37,069337873039736
017;001;Valoxy;Isometric;Isometric;semaxone;VM;60%;5;Dynamic_ATT5.0mm_pince_ratio;Applied;137,05065715413735;35,536251419029256;33,9296821924324;4,704306695321441;162,41876260912062;39,65151122406319;113,40580419273245;34,5190496253284;60,38929393574138;10,917172264438504;84,24935166448265;14,880752885402305;132,19554598746484;24,09865236000648;64,32917520523544;3,1714420263602197;533,7532878842788;158,81560084756978;132,71556772634503;46,88819271173334;660,1467608126144;207,26940616715055;414,5358168462609;106,91712578078248;197,8947606762539;19,601684772408575;43,08978241019623;5,274418896313965;216,31662811939958;22,34044254004583;183,84910288997656;25,842379632334183;44,783482847703915;12,811150553771832;55,95415340055015;12,919982326409421;98,68723137812235;24,303212723131036;34,577821840325825;10,843595932487775;71,18861780924735;10,223453218564167;65,85766720870453;25,63518488658196;84,26271668682895;17,186919780827928;110,74878718399484;26,30485628016718;701,5520024699168;85,60301840996735;230,96345862780996;28,599439448539275;923,1879186626154;107,78699607529849;503,0237310657217;71,30446229793097
017;002;Valoxy;Isometric;Isometric;semaxone;VL;20%;5;Dynamic_ATT7.0mm_pince_ratio;Applied;35,695237735486494;12,379490666369456;14,629983583167467;4,888314896963655;47,914997297303685;16,041158466459507;25,44867139965984;10,925368344052186;25,920226987680998;7,135312033301923;14,395499412472299;3,7473077551911684;37,230263178348004;8,678003413493313;18,586290155880228;6,252610381027335;21,43494009220522;11,478263053568645;17,44774206566105;5,322862293843637;36,57147108144691;13,463781705266667;16,47848153749384;8,10029429049908;32,93139181547063;8,477344614843892;18,840520408375674;3,3788082314615533;45,61087223395508;9,725269387254114;27,95424041817814;11,411353065267672;18,668070665145628;6,211651545934004;5,867605823989268;1,4640522864788557;19,29718823208063;7,100817761218987;19,13135626161365;9,396669872360572;12,214734649783344;6,0570379404859125;6,113498038000635;1,5962039439644657;15,833586753324397;6,2958097123947585;10,966122292813317;6,485830527362331;14,112330295241614;4,745689923351538;8,630840844874694;3,452993895075825;14,030762383479399;6,338760551955521;18,471898999176943;4,488824643941285
017;002;Valoxy;Isometric;Isometric;semaxone;VL;40%;5;Dynamic_ATT7.0mm_pince_ratio;Applied;18,12103821813586;5,946286329670662;18,91539644422151;3,4980779674615587;30,304003264838848;10,97599506285731;18,60241492232801;4,792431892995031;40,6232702005507;11,470469444066367;20,665085996448532;3,8608338349250517;58,84626237203571;15,333756933969982;26,734799010387377;8,092372975931704;22,316709278549183;8,383285658553085;18,730006353445617;2,1919584887762436;37,405998108232524;9,214506381620858;15,393821228510523;6,9649555605139986;40,25027526782899;12,530034257189497;21,635966335358216;3,3407780783856533;52,670836211743804;15,095646509912937;36,733402674297;7,814760180865384;18,512061427154695;4,617095313070518;14,724821844750565;4,122779707651723;21,792501131787823;3,8540031234413235;23,494366815613613;5,198990680989225;19,571663450861852;5,917855238130915;15,034592092824624;3,568424306578021;25,69325194361079;7,853811918356303;21,983173887425025;8,843298866672045;27,234090207240047;8,019984998715843;14,688679375734202;2,996655710245452;24,552434527646277;7,31541384466597;34,76469952346122;5,688267593285643
017;002;Valoxy;Isometric;Isometric;semaxone;VL;60%;5;Dynamic_ATT7.0mm_pince_ratio;Applied;32,61159024676064;9,914380649797442;25,914130685709715;7,0078846326965785;53,29590064702997;13,845619848504285;24,98831949727179;5,952655337127487;60,49960881724858;7,218012098972091;28,823624611312248;4,595964457438777;86,1016490912883;9,639533378591445;41,147546318041655;8,143622448546656;27,7073307513207;2,7549730038734688;26,54113273951445;8,11192164172814;49,35314229757466;11,256378210918463;19,46848698765237;3,5281047969651302;57,07244713485536;9,37975530504553;37,80653456003165;8,103408647331396;79,62933511826603;13,989269016091503;58,543366651355846;7,931978906159809;38,28141162285671;10,915014468432812;34,98876955492695;9,019095909335283;52,65736796068448;15,963659012956274;46,214925724859086;11,003673933704487;37,15631470258283;2,605014613421182;33,18813440333005;5,65878042828091;59,5737554997517;7,5415972911960605;30,816754616927405;3,3983630307053394;40,336335089273256;5,377272051440875;26,660314748360356;4,625890881779926;46,217420348778674;4,460099004523868;44,574857728462476;9,122862424500223
018;001;Valoxy;Isometric;Isometric;semaxone;VM;20%;5;Dynamic_ATT6.6mm_pince_ratio;Applied;45,269952717779695;21,25372230453104;17,735436069857183;12,972236167355765;46,42960793611543;18,225542958235035;54,7899620842039;39,281592237643125;100,18901902664099;63,306068069050816;33,99663529934833;14,525647187677126;126,58331664600345;77,61243558943805;82,80189498049609;49,828391930895634;68,14417422600593;67,64922311407479;31,664063875405482;32,63069585776226;92,53789500575951;96,47554137604864;47,726191324962386;39,22575696127409;49,60271313710125;39,35835826520675;18,53865334526185;7,067691385175703;58,592353318342944;42,5513279677352;46,557462365167694;35,844269895242924;80,82659707816445;56,5267595329932;14,543217184556676;7,855901277257755;93,16402103913903;62,336067220991794;69,10561652557902;50,52671905348956;116,87348996292926;135,00703110005276;19,195496115760108;9,55877512378454;121,7072977926271;135,82184086197506;112,60408840291336;134,51251993437066;98,8702212880964;62,87646295256229;39,39173803300016;26,975816837879066;116,69447257888109;76,1324662510178;90,74593361575894;61,89784267620152
018;001;Valoxy;Isometric;Isometric;semaxone;VM;40%;5;Dynamic_ATT6.6mm_pince_ratio;Applied;38,25294021866862;15,660510265847057;18,328800010833728;4,709986007517731;55,66923669028436;20,247651084519212;23,099826627048834;10,25018688062097;70,9123848763267;31,455930367080757;27,30520901160245;14,503839799918756;92,5816605146439;48,48147779906831;54,80236817851263;14,09416508285381;42,63015601673537;4,528967927076872;11,957216923869076;6,007668015748028;49,01165545799133;5,562503646608242;38,271822150337314;6,099189769127946;21,527441514762984;7,472413659601195;18,52441880217991;7,195061424041022;34,37696896504606;17,74153478303311;17,805703094131697;4,9569558004726595;74,51065105096586;21,338034984228724;21,542152258142142;8,729529113758751;95,94398184174877;29,49398814880714;54,70473899208906;12,273210433208167;55,75641529759599;5,360237145115747;29,796972883659002;9,0813869344144;41,08400073466229;4,203608105748138;81,89244434380424;7,181385561968086;183,28982048421895;56,46708177099094;40,01810062773636;18,54979264690492;220,50963740781634;75,04920262909248;151,8683327477658;36,13177642670919
018;001;Valoxy;Isometric;Isometric;semaxone;VM;60%;5;Dynamic_ATT6.6mm_pince_ratio;Applied;35,314001690423254;6,716755062186926;15,863007706092068;1,328668851079109;25,039142840971373;7,2573080378517085;46,40773088132382;6,829354462459867;34,197150225433674;10,379290346081829;26,93270889163902;5,654688221955185;37,23727049479615;11,352915892281287;41,355744916360166;11,944582969636533;18,89775948917589;8,202344846549996;15,170201783986817;1,67501280296508;22,71761715527868;11,504294723662479;22,877886413691506;6,963388444769647;64,76596325666048;7,79432945647383;31,22751416761805;3,875020541471443;52,596126825506715;7,8358339166101;80,1635514075538;9,932988418843378;26,956706278927804;8,375456308468909;20,424787120390672;10,639288189355144;45,93974133757761;14,744691645010466;16,525122281561377;6,224263664103974;43,35948233046978;22,849154748711623;27,007909710737515;10,380420945204367;64,17307862747305;26,82124554559913;38,73663959404627;14,046627467741109;20,40104550326428;8,905684327804607;10,309210158548042;6,482297626904805;28,011389878586225;8,474777518464867;19,74030924120636;5,245347739422927
018;002;Valoxy;Isometric;Isometric;semaxone;VL;20%;5;Dynamic_ATT9.0mm_pince_ratio;Applied;46,12309686981209;7,110812959565201;17,437073548283855;3,538378005805103;62,44214348207104;9,840024210037134;30,68491126996591;5,009694953300867;47,510887945681034;7,838620024870196;12,489016739220228;2,6134448698318224;59,61869738692351;10,136852340900294;36,13834309540191;6,6299037297166565;55,22179717569859;9,595486031184391;19,276668639992927;3,7108115833857664;74,30073192091415;13,275227119019144;36,25288128498646;6,059375014104612;35,07901193237573;6,789968739654876;13,853115166689662;3,1309279682994653;48,54917124582184;9,332259735693311;22,852998558924803;4,473269002793471;56,65899441202451;6,409708448625154;17,714916956776996;4,154666959548564;40,10970763501532;5,2333174158948985;73,57950424732437;9,393461195172915;20,311244861451353;4,892045067795962;9,156219116803964;0,8262569767273451;12,19386647649203;4,6586617127566985;28,859370126987596;5,087439446934187;52,85537496161921;16,57759839912117;17,803741185446913;6,133560598593088;41,53525535320733;15,586418995413773;68,6685988906462;14,045754090915887
018;002;Valoxy;Isometric;Isometric;semaxone;VL;40%;5;Dynamic_ATT9.0mm_pince_ratio;Applied;52,1336008749235;7,910154089399191;24,948868252335533;2,644386526603538;76,74575008380313;10,179502331099005;29,016738158211137;5,55357174081898;45,08169517858904;8,858137405887593;14,045080166251276;1,5127997772503923;57,24956264627305;9,512269002854568;34,50742650206864;8,247889185393149;51,36681330841617;9,833992572689578;20,319476112892964;3,734575634059577;71,55288372842509;13,240055079355571;31,310909498063637;6,833730374237298;41,55366610515131;6,32446937315671;14,453956675067607;2,9404433222842066;55,27764956009612;8,019918191240906;29,389989463972277;5,820878102647565;76,30035693680483;9,95932057182127;25,440352076341618;3,740673241696817;62,56456413168543;10,05339409284573;93,95342042943055;8,089138983926563;21,269024399738342;3,8654036850502758;11,045609671788135;0,755202984926848;19,47419115540368;4,242578039798647;29,075866259713273;5,928939104892592;56,95891907304124;15,940992748973876;22,247359649186528;8,807115697157075;52,303802730947;14,693304228790133;72,75833049359818;12,322246029044903
018;002;Valoxy;Isometric;Isometric;semaxone;VL;60%;5;Dynamic_ATT9.0mm_pince_ratio;Applied;45,86980404045425;4,356418214185604;27,278336997711687;2,3121044554717267;72,83711816459183;6,228342699246786;19,598376516540753;3,448620731486883;47,38384492133222;8,691721226063416;13,284841932457365;3,886499735728022;58,80083402262416;12,132035043938135;37,64214879526651;6,15725243348764;45,14228433060056;8,017993354807878;27,19418761633139;3,1684353560889003;72,1048010547958;10,24462029517795;19,44638433146344;6,3593383405029575;39,694787338685195;3,3794957691031238;14,38018622269234;4,974437990935503;53,157556814750095;5,900099926644759;27,481981201379966;5,409777651751646;65,86917952688779;8,017333224851638;29,817036003438194;7,075906271336856;47,9004160883626;6,4729281097485325;87,08247340497844;12,798818235728705;22,901069794622508;4,506809153381251;14,065738597227963;4,641002228732818;20,027168795850592;4,628100521298982;31,068941888297708;6,525912155930038;71,8320680391633;16,604554882789955;19,978066540455643;7,0794830770059995;71,77243423251919;13,094067199357108;77,61704216976581;20,248022295795344
019;001;Valoxy;Isometric;Isometric;semaxone;VM;20%;5;Dynamic_ATT2.7mm_pince_ratio;Applied;182,6431797365038;60,925530525573684;129,82868068880506;37,44687665126635;279,2881791620682;89,43509131218978;147,9884469886756;61,82299462193119;650,9322390184483;151,6911821416687;355,3227563424764;53,767962927985415;323,2347722044071;183,40173972768227;998,7288089417294;102,84150935808746;533,7250593062588;231,29230061487468;226,40935503002115;68,5805623869088;496,23619520748014;71,63881318407583;657,8528360683287;304,565871782465;297,1144862530266;94,28667252828751;136,18912454737895;10,745041566060715;216,6255063832431;68,32115578208723;421,7105978047518;90,92744720505748;617,3982288166742;149,20730626006412;119,9844690222903;87,23922248328768;574,8836476248358;111,71134931462663;670,7288525048465;202,90355584085717;280,8726413937268;58,57593844883588;100,92291724427011;11,541240269511963;189,8383594144778;61,77945585416025;375,771968862503;60,01514903494205;204,49754785273637;77,58988133153012;307,94365797910416;128,62156360832435;152,21831019924298;74,73551939178643;503,47730925830626;198,96466943766455
019;001;Valoxy;Isometric;Isometric;semaxone;VM;40%;5;Dynamic_ATT2.7mm_pince_ratio;Applied;490,13539913781943;319,24176712661887;48,532518333753586;24,728214624769493;494,87144072433387;313,256657483794;500,8997688813257;314,5832288008952;788,4137381509106;312,4477180049324;183,38065715472288;39,3302035225819;853,4120304031701;348,4895544286775;757,1056228724586;320,3145138439005;1425,5112403913704;120,9769513154111;103,87348203080637;15,73789086225502;1476,0259447800477;152,34413280477048;1378,7996360755092;98,6579077332137;339,6374354298879;107,05713051518079;207,32661896123062;61,59076627476402;246,78345092049403;115,17457027686748;494,4827701127277;178,07799646302442;352,7782747891655;215,23240222932085;113,47994705592001;53,98150567335081;281,21822590593854;164,53124024253725;442,40295990647803;266,0899726630826;243,15135369552095;55,14004911714934;43,82101643923632;16,903199760498264;227,78900709263468;62,178152812405045;260,2868229393854;67,67788655834794;621,8070815924302;336,09896710498987;832,5239301841182;180,76729482942045;355,0013470695412;171,8673807190113;1443,382752552084;505,4577565250038
019;001;Valoxy;Isometric;Isometric;semaxone;VM;60%;5;Dynamic_ATT2.7mm_pince_ratio;Applied;701,2604899301632;267,81826321288065;336,3037444641559;88,09970810471115;683,6443532352736;229,96436702037332;879,1990134219162;404,09152638537813;971,2399301274294;236,71618705826003;303,04814572868435;81,44894570174378;1071,8197986039427;361,04054753009825;951,110581418497;254,87818380076942;513,3026973114833;150,94626063159072;207,18349494322837;88,34800766381568;674,6598526054584;221,85987924558086;446,5320271106575;179,27997106201562;693,099548662575;343,5205090167813;234,67005185640159;31,301510121980073;469,7748216164124;353,954329085048;922,4728984349262;333,05578829241483;1165,0971477367896;304,8409151848825;887,9937879591474;218,516624382602;1467,7135628450408;735,2774827752432;1478,9581306507498;211,31349663270444;342,386607105862;213,62993187829005;158,87845395765333;107,65394814942356;351,568971077725;160,06369455403674;445,8790790019717;238,91342933695734;499,89287822566695;243,37782519856285;700,2997028408311;129,71668328573716;641,521383962747;171,1912083371239;940,4334420932016;197,50015405150663
019;002;Valoxy;Isometric;Isometric;semaxone;VL;20%;5;Dynamic_ATT4.5mm_pince_ratio;Applied;268,4418827395234;89,57870492062078;78,41081597514508;8,798589751332875;339,53715457734967;102,79195419004216;197,7466509003597;76,32216784101519;194,36485273566427;154,56920184973947;56,26785641512731;29,38065706913442;247,16891262423306;183,89322863523125;146,2160344243268;123,2997179961622;194,7541646478822;29,356088260931983;44,54239428454265;16,516842937452967;238,9150961443102;46,129107717767674;150,77158152612654;12,869000958893267;124,29136218651051;23,27043549555126;119,32035251938305;23,229860209086375;238,43830342592923;46,80177873832808;46,6270699481731;13,475921173331349;166,72540073992766;14,401244273438891;45,9069644916245;5,288480217801784;212,5676584420027;18,580635295312373;121,3494729491869;11,021536330117753;24,30350189413651;4,942425862463985;22,132293729966076;3,8875321539687553;17,407558335403905;2,6540256273901295;41,28529578343994;6,525791701158259;393,0177283807553;78,13666758648792;74,80303048659081;27,35069496119295;466,3370002255421;106,19729145798969;320,6755087268852;49,88916512683127
019;002;Valoxy;Isometric;Isometric;semaxone;VL;40%;5;Dynamic_ATT4.5mm_pince_ratio;Applied;132,3194947683583;44,16575292067851;15,131651248677187;3,396356373939153;135,88218030570619;50,94707439177491;129,81267583539005;36,75028663502341;197,43562623441167;62,479661338178396;107,08478087204784;16,14477651589598;279,54710441130334;51,3295520569476;153,2000271226288;68,53540551081566;228,12507498052142;77,50695797504075;59,649204789752204;13,765683747639681;271,40848691448986;92,09982482029496;194,52374551909642;59,22428875833005;154,76897200623992;74,67160846094727;109,28493178826159;37,449366990030875;251,19069937049298;102,52484898056363;101,03138669426855;50,73835997910258;145,27500777629638;37,092250036974676;47,36155884390756;12,898580475622136;187,7544379236666;48,69324415647907;109,97868027525242;28,13844788473522;76,19930727942946;10,346551020842993;24,554654927479202;6,437885982814234;71,55012594102459;14,056826071567023;87,52567846525453;1,8628990893938864;172,4390605321101;87,23045811146122;43,973475159255834;13,151898591410722;208,37932060603285;100,42392672941844;143,40422956047138;72,24088897153791
019;002;Valoxy;Isometric;Isometric;semaxone;VL;60%;5;Dynamic_ATT4.5mm_pince_ratio;Applied;97,66234423296554;34,52188715624253;36,49815261869077;6,023253623008365;98,23425477933124;35,312246115190796;105,29248306263112;35,331524241033044;626,8648705493099;128,68118793843087;83,5955246851463;26,201631432414192;705,3800638835946;146,95865218271808;552,5254430863458;111,73403507451245;288,50202862933094;80,6588123897815;158,4993897817904;31,43953057008261;435,9446410334196;108,38463794323471;165,87228058138902;73,45542810394655;69,45167676969129;18,98700428560636;124,17814760830781;12,013865612871637;168,98442871569168;36,13951683854151;129,446308887519;14,719481668157485;121,68415086876821;24,793059226770644;31,340216284613803;11,157291576442855;139,1346048227678;32,17679652216745;115,22824702113412;23,80830124224654;199,87895160526165;34,66308357650613;35,982634940234426;3,5311944452317134;223,57393734046295;32,83265743426997;178,0858104323735;37,041365930743375;387,5444269483479;110,5493680233571;45,457489469350186;8,882498710799048;398,2937665170682;132,34898255603744;384,1148349699423;85,82827688656585
020;001;Valoxy;Isometric;Isometric;semaxone;VL;20%;5;Dynamic_ATT3.1mm_pince_ratio;Applied;216,308725984669;146,97719825469093;113,77097767396015;32,94129380299372;327,5267805615836;177,67323539363093;130,43277007218978;130,18710615869398;736,8925474689686;115,31918925187406;228,45530518392826;41,67171569816909;956,1264612213763;150,63479982762402;561,735219442127;104,42249761154274;76,86816467533552;21,53689757305406;99,43882766433332;40,93171754616101;100,92958870873285;64,74809927376575;125,74483150704563;21,56891210893473;122,43127704910887;17,325584209077125;119,10094470345098;46,145101763180286;101,51732531870407;48,298655759704104;204,16486826451882;31,41536240550022;133,67883825626836;21,052819882295267;29,830773039200494;2,5135268394033896;148,64242914388993;18,319793250095195;124,2027592736448;21,781365804650594;323,1434343441707;75,09066825023335;26,296802368704327;9,761527639086065;348,1492334439664;84,72467427918808;298,4047602451538;65,75039070999908;108,83353718534568;61,24116269202517;29,756297882315643;12,35789695081795;130,36180401632907;73,62786864039344;90,96649226521367;49,831365472588985
020;001;Valoxy;Isometric;Isometric;semaxone;VL;40%;5;Dynamic_ATT3.1mm_pince_ratio;Applied;295,7170884895933;40,96036201184216;168,00722579749169;38,18717187675368;370,223944967939;114,89456327828007;313,5319740139786;41,600196537998265;475,64246473327165;137,7752714788368;259,3173751200996;75,81170838611887;653,0223907461301;188,03295986032893;381,05993338510666;87,1235359397829;1251,2555047679193;329,1341001634693;362,36590838881534;33,05287432014689;1572,6232084265662;318,0741469236174;1017,1330806312195;343,4324879099266;400,4181984305199;79,45169520312854;428,5359434041171;38,489458966720186;826,9778216310469;71,68826634711868;163,9402430614826;47,832786442431605;418,95099664179116;86,34039437400536;91,26994510609265;19,472860745377226;343,5661800174379;106,24636052697967;495,0854057902279;71,75122863037026;157,92060516071413;71,54411458898726;44,103682860759896;12,993755561006994;153,80896635060245;89,71666265201912;173,20507676991997;54,45660775703005;277,8436324857985;46,32421849905748;229,16780647821548;63,20075111043427;118,13646863028139;38,76128875267402;492,83371648783833;95,1137488001798
020;001;Valoxy;Isometric;Isometric;semaxone;VL;60%;5;Dynamic_ATT3.1mm_pince_ratio;Applied;585,4186426286894;99,17513229674609;272,34943928079474;29,09074820703935;736,6701826609931;190,02037952419096;496,2544894301926;39,69800174367944;624,5999981909242;241,59092167675985;325,4088950288111;48,70548999270231;758,6811048593645;381,1709835320835;619,8657746606565;21,851392964478674;441,0886573502582;40,37326045878096;398,0405324215745;22,34187211992229;838,8569660717419;32,660751995520464;169,00640539889122;45,413767375150684;366,3300611717478;30,835672664177103;516,9393323236566;14,02370946114532;881,2852320593123;44,090382944245086;156,00957075627696;16,714113989191052;379,5580435321538;65,45318261882785;76,56237448584511;30,57863688575713;422,92328066377576;92,33976184576967;341,7752411922832;47,496660803012766;365,3130745049201;33,34889124152476;61,20965472616321;16,4579152290588;359,55428210087774;62,775944175722884;375,4386885377262;20,638779357197222;335,7968236699145;132,7020163869119;111,61050877934913;38,570046077476405;330,5588936446174;204,61301567105482;354,2029860444199;54,82162944469521
020;002;Valoxy;Isometric;Isometric;semaxone;VM;20%;5;Dynamic_ATT4.3mm_pince_ratio;Applied;59,27005562534475;8,802238726548639;82,028325839345;11,220947353203822;98,81367211646119;10,557051793559841;107,91899308569107;32,74704235832719;239,32704487881816;59,500003244397355;160,1070556115206;18,789746038504468;91,75668312317292;31,0333648750082;398,30272173460537;76,24229540622137;111,40560202478385;48,0742575695567;100,16101283607334;21,71830790401722;148,69434367517644;55,37711564649134;142,60152781627113;68,56697749833323;227,92937992029192;48,94807010251395;81,79086460693927;26,683310626194938;306,3189274311951;61,822364778978596;165,15440662497136;48,535257384735985;90,0158222158187;23,802283719865105;13,411513685821072;2,292794778922787;100,30386020955864;22,801501807905026;80,59400753306612;24,493389737595788;21,71941259930452;4,422928409975572;131,7712110401706;20,357920587901194;141,11058134660635;20,861264177327445;124,11117206829935;24,631937952201234;224,2188403711303;39,09587341910055;136,52371937723768;47,361387984701715;241,73937436236233;56,15766790719312;273,7850791160654;99,52618511391154
020;002;Valoxy;Isometric;Isometric;semaxone;VM;40%;5;Dynamic_ATT4.3mm_pince_ratio;Applied;66,38816105718891;13,28354027428285;99,1778924606842;18,965159896059095;74,46667543583291;13,585487917732701;150,27800383788448;29,085665961241343;278,55302090982394;50,99592809293153;237,00286343028785;39,82067164168545;83,09346782031487;30,106256723063446;511,9127648590832;73,1830435982873;195,6478033152484;54,51182347060788;270,5316859524654;34,461048409734126;454,9897625021491;94,74669117079763;126,6124768587594;41,471871015743524;463,46894020021864;62,19495198621805;120,9105817179485;35,046304578991624;577,1752571518379;102,6330347591222;391,4895187443203;32,63033411355882;101,66900651903981;28,867917457421946;15,89833603850811;2,368554544546188;98,75293169678677;29,020050360563413;108,82085395865917;28,35170956493519;63,752750704634;6,397073010130204;346,36880213560363;43,120969780795676;386,40770680259874;84,75479794365611;306,7702280047109;14,842472698114449;573,5320987488851;149,80638810153954;224,27971605138615;17,326456427822613;713,7179073826723;111,77470071699226;450,1384035473919;189,10296127851393
020;002;Valoxy;Isometric;Isometric;semaxone;VM;60%;5;Dynamic_ATT4.3mm_pince_ratio;Applied;120,03205174735972;27,075030542615014;67,0511430782975;43,4853068020052;112,76960211113017;20,450406305226476;171,7161192137638;28,2001290230706;193,42888012877953;62,910397429808114;213,48726114488073;29,970512860579575;108,00864999460778;23,428130555458896;390,05695161130086;89,5226581852825;502,57222326724894;102,12794878909467;518,5005204705166;52,87310064131334;1020,9346133154365;153,7157389947436;97,49012753981268;34,5575659146087;637,1682894030779;62,593737017823685;276,76496077197754;67,48592293670168;912,2182766563983;114,76134801100271;435,051510635083;54,05738386452129;75,26815448902164;27,47068181238949;30,296943398532694;7,779941764305287;82,42299412791338;25,259053870760116;90,91060436944946;21,183932135696587;105,00028366954955;12,51015664773071;358,65226429065797;17,074029011728467;425,54449075641276;46,478941339611886;291,90036105811015;23,733704615218482;738,4252815667339;142,69134168749017;232,46584161532783;44,77088112796448;903,7116466164643;167,52392974633992;582,5957451840023;113,90383244427382
021;001;Valoxy;Isometric;Isometric;semaxone;VL;20%;5;Dynamic_ATT2.9mm_pince_ratio;Applied;138,1333959919374;33,99124955899993;93,3510972462999;26,9541353089445;229,32495468728342;59,72947605777009;54,38418548607194;15,085561969672284;118,08687967157468;33,703302030593676;73,42509143344645;22,136253950334158;189,0449701521065;56,47336725148159;56,830754889019275;13,952293521783764;140,87548728477034;35,969421438311606;76,77178353201248;34,72892454031192;206,37230020493317;71,50414060408826;98,81915494704626;15,003702545187586;134,18501166878337;33,05525493164085;97,97986411867603;30,788665515592815;228,35121360329623;61,44462189413124;60,88908087253812;16,236620881319478;27,98107540624763;8,63629577438096;18,649985253928072;7,44735006692161;42,69524738330382;16,224465524293453;22,692991432617607;6,260274119811088;58,08501548301505;15,513669518338327;19,531925431005448;5,770498614965572;60,6817793044176;15,85747186307785;63,10920615980374;11,240400277263886;50,69144590649339;12,996621860231262;35,037886005780855;17,041343018645406;44,266547128886195;11,49067689666996;74,00390732141196;27,337127494459896
021;001;Valoxy;Isometric;Isometric;semaxone;VL;40%;5;Dynamic_ATT2.9mm_pince_ratio;Applied;162,01003111377491;44,301003931348006;99,47985370529548;27,721195794175244;257,83748404271876;75,28623451084675;78,3630018658585;7,2108533560842;128,8076053891627;41,37114965502883;94,85301380999964;21,67392120783827;216,33635761191286;69,56008858648151;66,2495642157524;19,47112920430008;201,23071879512298;49,63401273472894;131,8748818313848;29,47754165591427;309,9407889700268;84,45159363471653;133,1404230083113;11,106700749517241;188,72394110843655;39,184714343791704;134,88222479620464;34,557498392842035;311,4093474757408;83,79478631338088;115,75127999688729;36,68120770956947;30,25875707143703;1,7950087212983201;29,766461510595168;3,5751228699615125;53,719554490007454;4,413107887102527;32,54459085675052;9,121136900028164;75,1920363940582;10,866549460535;32,6463674834532;6,356233627464752;99,33278689842788;13,76895282737976;74,19624426180528;12,991945122827623;77,22256044302895;27,351413892586805;37,24022381964333;5,644551848953351;91,47686973536803;25,841621732139124;86,99608573360823;29,99137825188421
021;001;Valoxy;Isometric;Isometric;semaxone;VL;60%;5;Dynamic_ATT2.9mm_pince_ratio;Applied;261,4009295905097;53,634610550144565;200,50281559532513;41,14776814191898;450,02028319305657;101,40734099168196;85,84673230668913;6,871079370281434;192,73678522163135;49,57756942906305;193,88024764885728;34,641935288284046;376,70305995403345;87,75544530189667;72,43259511466199;17,009853747078107;331,5674729555925;41,262198876007794;261,5700038400661;40,47310404820944;550,9702453552218;90,5100444743288;168,92036165885708;22,264036090540806;308,5495152070117;43,1533600229526;241,52977364417978;33,84074041889717;513,8521842973413;91,38655353372968;204,60411283654875;34,7206139171106;48,915625016563915;17,432180377771683;55,48027108546718;7,157955877633741;83,09498355079783;13,885902139980788;62,6402137627807;34,53257585781851;78,5283066475112;7,82985077784674;52,99717500451741;6,709894203553368;115,28052387547174;15,042487680824875;95,1458122452778;16,960547317475093;125,47904103321552;18,421921522855182;62,87306734485096;12,95344596049135;163,40170247145704;19,730736397646247;144,97906364051215;38,651880483504335
021;002;Valoxy;Isometric;Isometric;semaxone;VM;20%;5;Dynamic_ATT2.9mm_other_session_fallback;Applied;133,36737696743268;9,074702066896196;101,09627333851529;19,536442698741457;222,0878601349545;30,478387879974477;88,16850993293251;7,385500638929143;148,44718498610777;14,180788139261969;93,12649663250275;35,4452213274226;232,6761469335517;48,381749927999174;79,8209637598168;12,164371934704366;179,89604126046137;27,793251852941683;84,17956783127315;24,587846315305722;254,9459968935267;57,38478252247931;114,90100192638965;8,744788648989488;202,5087563475015;41,384291389152544;129,03804202750766;37,26544787901318;323,6326046484531;74,25802883454429;94,86449137268662;19,252501594878865;47,676566224357806;8,152691765778883;75,2652873095619;15,924844963131916;75,0780640092414;30,25793473385979;89,75618221422663;28,314888248466236;112,67589058521177;20,340238287301855;93,80938243148375;24,7093075120047;191,63238016063406;21,533754005042226;96,01743545965778;28,691198039043897;118,24026776003174;39,55397759383575;46,91567772735514;7,473538496847844;103,14416801894899;32,48255224044909;154,97154523870466;39,48439527055049
021;002;Valoxy;Isometric;Isometric;semaxone;VM;40%;5;Dynamic_ATT2.9mm_other_session_fallback;Applied;166,07301739367136;39,04252740245936;194,70240076036913;19,5574902718433;342,3747347685218;48,15843703567498;108,8855319905658;21,456130005413957;237,4455905435193;39,23018201788152;216,18125617225093;51,28753735433388;437,72765519895063;89,87948165258608;88,42588686075717;21,737057359911017;364,66129251671697;32,43585049362867;223,86243579107585;15,880316710980964;587,8368813689096;44,13918316251845;148,32332485157332;22,022155302125906;426,74764697527144;34,9376376927592;246,64647558005908;53,001760769072945;664,888898118869;84,13431609475452;256,081434873992;34,07169546158266;55,94678177573879;6,762489222191745;92,62135946465322;13,407642985148568;146,02442404443073;18,752534911921963;48,184630107706134;8,340319432436496;151,95858843967034;18,03963660509992;209,77202334463135;29,712535813208554;360,0982945863651;48,29464911104712;64,33534931942054;11,319871418976433;208,64686178687847;60,517498095844616;112,57247641999588;11,24067800739905;171,60556869974462;69,32849564227602;272,0100870017899;51,79598639864607
021;002;Valoxy;Isometric;Isometric;semaxone;VM;60%;5;Dynamic_ATT2.9mm_other_session_fallback;Applied;278,17284230457574;65,83979984864473;390,1685370746159;78,16514080698501;658,4021415418125;129,24104377780003;140,27473087226676;60,39528242556984;248,93304155027198;71,72388479162065;265,4434143176086;40,33379775159007;506,56380820836887;114,26674108113559;113,76931236203995;46,60023617875452;432,54398814828755;68,94525978897771;298,8130535446834;42,38654002463553;730,5802050270506;106,38614286178897;172,34345810783336;23,688722924657615;479,4292600577457;90,24613986020218;296,1397298396658;48,730383566017395;772,2939060696581;138,50371495132842;235,06835369280233;20,390345329224726;91,92670951598275;21,237424176833454;166,71063081877278;28,598395296822652;256,0827589461034;43,60807305239177;79,48469876627152;26,23130260618934;210,43433460945465;35,60281135811417;280,53335769298883;40,24695615166548;490,31131231727556;76,12108861169821;72,66884428134331;8,59165195729385;203,86060254763487;37,476780424223186;188,70968457351245;28,97347028558137;254,28373250046474;73,20249625386016;244,21599981531182;28,619619183227996
